STRUCTURE,STRUCTURE_ID,ACTION,FREQ,REF_AREA,INDICATOR,SEX,AGE,URBANISATION,UNIT_MEASURE,COMP_BREAKDOWN_1,COMP_BREAKDOWN_2,COMP_BREAKDOWN_3,AGG_METHOD,UNIT_TYPE,DECIMALS,DATABASE_ID,TIME_FORMAT,UNIT_MULT,OBS_STATUS,OBS_CONF,FREQ_LABEL,REF_AREA_LABEL,INDICATOR_LABEL,SEX_LABEL,AGE_LABEL,URBANISATION_LABEL,UNIT_MEASURE_LABEL,COMP_BREAKDOWN_1_LABEL,COMP_BREAKDOWN_2_LABEL,COMP_BREAKDOWN_3_LABEL,AGG_METHOD_LABEL,UNIT_TYPE_LABEL,DECIMALS_LABEL,DATABASE_ID_LABEL,TIME_FORMAT_LABEL,UNIT_MULT_LABEL,OBS_STATUS_LABEL,OBS_CONF_LABEL,1963,1964,1965,1966,1967,1968,1969,1970,1971,1972,1973,1974,1975,1976,1977,1978,1979,1980,1981,1982,1983,1984,1985,1986,1987,1988,1989,1990,1991,1992,1993,1994,1995,1996,1997,1998,1999,2000,2001,2002,2003,2004,2005,2006,2007,2008,2009,2010,2011,2012,2013,2014,2015,2016,2017,2018,2019,2020,2021,2022,2023,2024,2025
datastructure,WB.DATA360:DS_DATA360(1.3),I,A,CPV,WB_WDI_SI_POV_GINI,_T,_T,_T,0_TO_100,_Z,_Z,_Z,_Z,IX,2,WB_WDI,P1Y,0,A,PU,Annual,Cabo Verde,Gini index,Total,All age ranges or no breakdown by age,Total,0-100 scale,Not Applicable,Not Applicable,Not Applicable,Not Applicable,Index,Two,World Development Indicators (WDI),Annual,Units,Normal value,Public,,,,,,,,,,,,,,,,,,,,,,,,,,,,,,,,,,,,,,,52.5,,,,,,47.2,,,,,,,,42.4,,,,,,,,,,
datastructure,WB.DATA360:DS_DATA360(1.3),I,A,NER,WB_WDI_SI_POV_GINI,_T,_T,_T,0_TO_100,_Z,_Z,_Z,_Z,IX,2,WB_WDI,P1Y,0,A,PU,Annual,Niger,Gini index,Total,All age ranges or no breakdown by age,Total,0-100 scale,Not Applicable,Not Applicable,Not Applicable,Not Applicable,Index,Two,World Development Indicators (WDI),Annual,Units,Normal value,Public,,,,,,,,,,,,,,,,,,,,,,,,,,,,,,36.0,,41.5,,,,,,,,,,,44.4,,37.3,,,,31.5,,,34.3,,,,37.3,,,32.9,,,,
datastructure,WB.DATA360:DS_DATA360(1.3),I,A,MLI,WB_WDI_SI_POV_GINI,_T,_T,_T,0_TO_100,_Z,_Z,_Z,_Z,IX,2,WB_WDI,P1Y,0,A,PU,Annual,Mali,Gini index,Total,All age ranges or no breakdown by age,Total,0-100 scale,Not Applicable,Not Applicable,Not Applicable,Not Applicable,Index,Two,World Development Indicators (WDI),Annual,Units,Normal value,Public,,,,,,,,,,,,,,,,,,,,,,,,,,,,,,,,50.1,,,,,,,39.9,,,,,38.9,,,33.0,,,,,,,,,36.0,,,35.7,,,,
datastructure,WB.DATA360:DS_DATA360(1.3),I,A,UGA,WB_WDI_SI_POV_GINI,_T,_T,_T,0_TO_100,_Z,_Z,_Z,_Z,IX,2,WB_WDI,P1Y,0,A,PU,Annual,Uganda,Gini index,Total,All age ranges or no breakdown by age,Total,0-100 scale,Not Applicable,Not Applicable,Not Applicable,Not Applicable,Index,Two,World Development Indicators (WDI),Annual,Units,Normal value,Public,,,,,,,,,,,,,,,,,,,,,,,,,,,44.4,,,41.4,,,,39.0,,,43.0,,,45.2,,,42.9,,,,44.2,,,41.0,,,,42.8,,,42.7,,,,,,
datastructure,WB.DATA360:DS_DATA360(1.3),I,A,NAM,WB_WDI_SI_POV_GINI,_T,_T,_T,0_TO_100,_Z,_Z,_Z,_Z,IX,2,WB_WDI,P1Y,0,A,PU,Annual,Namibia,Gini index,Total,All age ranges or no breakdown by age,Total,0-100 scale,Not Applicable,Not Applicable,Not Applicable,Not Applicable,Index,Two,World Development Indicators (WDI),Annual,Units,Normal value,Public,,,,,,,,,,,,,,,,,,,,,,,,,,,,,,,71.1,,,,,,,,,,63.3,,,,,,61.0,,,,,,59.1,,,,,,,,,,
datastructure,WB.DATA360:DS_DATA360(1.3),I,A,TZA,WB_WDI_SI_POV_GINI,_T,_T,_T,0_TO_100,_Z,_Z,_Z,_Z,IX,2,WB_WDI,P1Y,0,A,PU,Annual,Tanzania,Gini index,Total,All age ranges or no breakdown by age,Total,0-100 scale,Not Applicable,Not Applicable,Not Applicable,Not Applicable,Index,Two,World Development Indicators (WDI),Annual,Units,Normal value,Public,,,,,,,,,,,,,,,,,,,,,,,,,,,,,35.3,,,,,,,,,37.3,,,,,,,40.3,,,,37.8,,,,,,,40.5,,,,,,,
datastructure,WB.DATA360:DS_DATA360(1.3),I,A,SWE,WB_WDI_SI_POV_GINI,_T,_T,_T,0_TO_100,_Z,_Z,_Z,_Z,IX,2,WB_WDI,P1Y,0,A,PU,Annual,Sweden,Gini index,Total,All age ranges or no breakdown by age,Total,0-100 scale,Not Applicable,Not Applicable,Not Applicable,Not Applicable,Index,Two,World Development Indicators (WDI),Annual,Units,Normal value,Public,,,,,,,,,,,,,24.3,,,,,,22.9,,,,,,23.1,,,,,24.9,,,25.2,,,,,27.0,26.5,26.2,25.3,26.1,26.8,26.4,27.1,28.1,27.3,27.7,27.6,27.6,28.8,28.4,29.2,29.6,28.8,30.0,29.3,28.9,29.8,31.6,29.3,,
datastructure,WB.DATA360:DS_DATA360(1.3),I,A,PER,WB_WDI_SI_POV_GINI,_T,_T,_T,0_TO_100,_Z,_Z,_Z,_Z,IX,2,WB_WDI,P1Y,0,A,PU,Annual,Peru,Gini index,Total,All age ranges or no breakdown by age,Total,0-100 scale,Not Applicable,Not Applicable,Not Applicable,Not Applicable,Index,Two,World Development Indicators (WDI),Annual,Units,Normal value,Public,,,,,,,,,,,,,,,,,,,,,,,45.6,,,,,,,,,44.0,,,53.3,55.1,54.8,49.1,51.3,53.6,53.1,49.9,50.4,50.3,50.0,47.5,47.0,45.5,44.7,44.4,43.9,43.1,43.4,43.6,43.3,42.4,41.5,43.7,40.1,40.3,40.7,40.1,
datastructure,WB.DATA360:DS_DATA360(1.3),I,A,CAF,WB_WDI_SI_POV_GINI,_T,_T,_T,0_TO_100,_Z,_Z,_Z,_Z,IX,2,WB_WDI,P1Y,0,A,PU,Annual,Central African Republic,Gini index,Total,All age ranges or no breakdown by age,Total,0-100 scale,Not Applicable,Not Applicable,Not Applicable,Not Applicable,Index,Two,World Development Indicators (WDI),Annual,Units,Normal value,Public,,,,,,,,,,,,,,,,,,,,,,,,,,,,,,59.7,,,,,,,,,,,,,,,,56.2,,,,,,,,,,,,,43.0,,,,
datastructure,WB.DATA360:DS_DATA360(1.3),I,A,CYP,WB_WDI_SI_POV_GINI,_T,_T,_T,0_TO_100,_Z,_Z,_Z,_Z,IX,2,WB_WDI,P1Y,0,A,PU,Annual,Cyprus,Gini index,Total,All age ranges or no breakdown by age,Total,0-100 scale,Not Applicable,Not Applicable,Not Applicable,Not Applicable,Index,Two,World Development Indicators (WDI),Annual,Units,Normal value,Public,,,,,,,,,,,,,,,,,,,,,,,,,,,,,,,,,,,,,,,,,,30.1,30.3,31.1,31.1,31.7,32.1,31.5,32.6,34.3,37.0,35.6,34.0,32.9,31.4,32.7,31.2,31.7,31.3,31.5,31.8,,
datastructure,WB.DATA360:DS_DATA360(1.3),I,A,KAZ,WB_WDI_SI_POV_GINI,_T,_T,_T,0_TO_100,_Z,_Z,_Z,_Z,IX,2,WB_WDI,P1Y,0,A,PU,Annual,Kazakhstan,Gini index,Total,All age ranges or no breakdown by age,Total,0-100 scale,Not Applicable,Not Applicable,Not Applicable,Not Applicable,Index,Two,World Development Indicators (WDI),Annual,Units,Normal value,Public,,,,,,,,,,,,,,,,,,,,,,,,,,,,,,,32.7,,,35.4,,,,,36.0,34.8,33.7,31.8,39.8,30.2,30.1,28.5,28.2,28.0,28.0,28.2,27.1,27.0,26.8,27.2,27.5,27.8,28.0,28.7,29.2,,,,
datastructure,WB.DATA360:DS_DATA360(1.3),I,A,SWZ,WB_WDI_SI_POV_GINI,_T,_T,_T,0_TO_100,_Z,_Z,_Z,_Z,IX,2,WB_WDI,P1Y,0,A,PU,Annual,Eswatini,Gini index,Total,All age ranges or no breakdown by age,Total,0-100 scale,Not Applicable,Not Applicable,Not Applicable,Not Applicable,Index,Two,World Development Indicators (WDI),Annual,Units,Normal value,Public,,,,,,,,,,,,,,,,,,,,,,,,,,,,,,,,58.7,,,,,,53.1,,,,,,,,,51.4,,,,,,,54.6,,,,,,,,,
datastructure,WB.DATA360:DS_DATA360(1.3),I,A,WSM,WB_WDI_SI_POV_GINI,_T,_T,_T,0_TO_100,_Z,_Z,_Z,_Z,IX,2,WB_WDI,P1Y,0,A,PU,Annual,Samoa,Gini index,Total,All age ranges or no breakdown by age,Total,0-100 scale,Not Applicable,Not Applicable,Not Applicable,Not Applicable,Index,Two,World Development Indicators (WDI),Annual,Units,Normal value,Public,,,,,,,,,,,,,,,,,,,,,,,,,,,,,,,,,,,,,,,,40.7,,,,,,42.0,,,,,38.7,,,,,,,,,,,,
datastructure,WB.DATA360:DS_DATA360(1.3),I,A,PNG,WB_WDI_SI_POV_GINI,_T,_T,_T,0_TO_100,_Z,_Z,_Z,_Z,IX,2,WB_WDI,P1Y,0,A,PU,Annual,Papua New Guinea,Gini index,Total,All age ranges or no breakdown by age,Total,0-100 scale,Not Applicable,Not Applicable,Not Applicable,Not Applicable,Index,Two,World Development Indicators (WDI),Annual,Units,Normal value,Public,,,,,,,,,,,,,,,,,,,,,,,,,,,,,,,,,,45.8,,,,,,,,,,,,,41.9,,,,,,,,,,,,,,,,
datastructure,WB.DATA360:DS_DATA360(1.3),I,A,LCA,WB_WDI_SI_POV_GINI,_T,_T,_T,0_TO_100,_Z,_Z,_Z,_Z,IX,2,WB_WDI,P1Y,0,A,PU,Annual,St. Lucia,Gini index,Total,All age ranges or no breakdown by age,Total,0-100 scale,Not Applicable,Not Applicable,Not Applicable,Not Applicable,Index,Two,World Development Indicators (WDI),Annual,Units,Normal value,Public,,,,,,,,,,,,,,,,,,,,,,,,,,,,,,,,,42.6,,,,,,,,,,,,,,,,,,,,43.7,,,,,,,,,,
datastructure,WB.DATA360:DS_DATA360(1.3),I,A,BEL,WB_WDI_SI_POV_GINI,_T,_T,_T,0_TO_100,_Z,_Z,_Z,_Z,IX,2,WB_WDI,P1Y,0,A,PU,Annual,Belgium,Gini index,Total,All age ranges or no breakdown by age,Total,0-100 scale,Not Applicable,Not Applicable,Not Applicable,Not Applicable,Index,Two,World Development Indicators (WDI),Annual,Units,Normal value,Public,,,,,,,,,,,,,,,,,,,,,,,25.2,,,25.7,,,,24.9,,,28.4,,26.8,,,33.1,,,28.1,30.5,29.3,28.1,29.2,28.4,28.6,28.4,28.1,27.5,27.7,28.1,27.7,27.6,27.4,27.2,27.2,26.0,26.6,26.4,26.8,,
datastructure,WB.DATA360:DS_DATA360(1.3),I,A,MNG,WB_WDI_SI_POV_GINI,_T,_T,_T,0_TO_100,_Z,_Z,_Z,_Z,IX,2,WB_WDI,P1Y,0,A,PU,Annual,Mongolia,Gini index,Total,All age ranges or no breakdown by age,Total,0-100 scale,Not Applicable,Not Applicable,Not Applicable,Not Applicable,Index,Two,World Development Indicators (WDI),Annual,Units,Normal value,Public,,,,,,,,,,,,,,,,,,,,,,,,,,,,,,,,,33.2,,,30.3,,,,32.9,,,,,35.8,,,33.1,33.9,33.8,,32.0,,32.3,,32.7,,,,31.4,,,
datastructure,WB.DATA360:DS_DATA360(1.3),I,A,SRB,WB_WDI_SI_POV_GINI,_T,_T,_T,0_TO_100,_Z,_Z,_Z,_Z,IX,2,WB_WDI,P1Y,0,A,PU,Annual,Serbia,Gini index,Total,All age ranges or no breakdown by age,Total,0-100 scale,Not Applicable,Not Applicable,Not Applicable,Not Applicable,Index,Two,World Development Indicators (WDI),Annual,Units,Normal value,Public,,,,,,,,,,,,,,,,,,,,,,,,,,,,,,,,,,,,,,,,32.7,32.8,35.5,36.5,29.7,28.7,27.6,28.0,29.0,,39.9,39.4,40.4,40.5,38.8,36.1,35.0,34.5,35.0,33.1,32.8,32.8,,
datastructure,WB.DATA360:DS_DATA360(1.3),I,A,FRA,WB_WDI_SI_POV_GINI,_T,_T,_T,0_TO_100,_Z,_Z,_Z,_Z,IX,2,WB_WDI,P1Y,0,A,PU,Annual,France,Gini index,Total,All age ranges or no breakdown by age,Total,0-100 scale,Not Applicable,Not Applicable,Not Applicable,Not Applicable,Index,Two,World Development Indicators (WDI),Annual,Units,Normal value,Public,,,,,,,,37.1,,,,,35.9,,,,34.0,,,,,33.4,,,,,,32.1,,,,,,32.0,31.9,31.7,32.5,32.6,32.5,31.8,31.4,30.6,29.8,29.7,32.4,33.0,32.7,33.7,33.3,33.1,32.5,32.3,32.7,31.9,31.6,32.4,31.2,30.7,31.5,31.2,31.8,,
datastructure,WB.DATA360:DS_DATA360(1.3),I,A,SYR,WB_WDI_SI_POV_GINI,_T,_T,_T,0_TO_100,_Z,_Z,_Z,_Z,IX,2,WB_WDI,P1Y,0,A,PU,Annual,Syrian Arab Republic,Gini index,Total,All age ranges or no breakdown by age,Total,0-100 scale,Not Applicable,Not Applicable,Not Applicable,Not Applicable,Index,Two,World Development Indicators (WDI),Annual,Units,Normal value,Public,,,,,,,,,,,,,,,,,,,,,,,,,,,,,,,,,,35.2,,,,,,,37.5,,,40.1,,,40.4,,,,,,,,,,,,,26.4,,,
datastructure,WB.DATA360:DS_DATA360(1.3),I,A,COL,WB_WDI_SI_POV_GINI,_T,_T,_T,0_TO_100,_Z,_Z,_Z,_Z,IX,2,WB_WDI,P1Y,0,A,PU,Annual,Colombia,Gini index,Total,All age ranges or no breakdown by age,Total,0-100 scale,Not Applicable,Not Applicable,Not Applicable,Not Applicable,Index,Two,World Development Indicators (WDI),Annual,Units,Normal value,Public,,,,,,,,,,,,,,,,,,55.1,,,,,,,,53.1,52.8,,51.3,51.3,,,,56.8,,,58.5,58.4,57.3,56.0,53.6,55.0,53.9,,,55.0,54.1,54.4,53.3,53.6,53.5,53.6,52.0,51.7,50.9,51.6,52.5,54.4,55.1,54.8,54.6,54.4,
datastructure,WB.DATA360:DS_DATA360(1.3),I,A,ISL,WB_WDI_SI_POV_GINI,_T,_T,_T,0_TO_100,_Z,_Z,_Z,_Z,IX,2,WB_WDI,P1Y,0,A,PU,Annual,Iceland,Gini index,Total,All age ranges or no breakdown by age,Total,0-100 scale,Not Applicable,Not Applicable,Not Applicable,Not Applicable,Index,Two,World Development Indicators (WDI),Annual,Units,Normal value,Public,,,,,,,,,,,,,,,,,,,,,,,,,,,,,,,,,,,,,,,,,26.8,28.0,29.0,30.2,29.5,31.8,28.7,26.2,26.8,26.8,25.4,27.8,26.8,27.2,26.1,26.6,26.8,,,,,,
datastructure,WB.DATA360:DS_DATA360(1.3),I,A,BIH,WB_WDI_SI_POV_GINI,_T,_T,_T,0_TO_100,_Z,_Z,_Z,_Z,IX,2,WB_WDI,P1Y,0,A,PU,Annual,Bosnia and Herzegovina,Gini index,Total,All age ranges or no breakdown by age,Total,0-100 scale,Not Applicable,Not Applicable,Not Applicable,Not Applicable,Index,Two,World Development Indicators (WDI),Annual,Units,Normal value,Public,,,,,,,,,,,,,,,,,,,,,,,,,,,,,,,,,,,,,,,30.0,,,34.0,,,34.3,,,,33.3,,,,32.9,,,,,,30.3,,,,
datastructure,WB.DATA360:DS_DATA360(1.3),I,A,UKR,WB_WDI_SI_POV_GINI,_T,_T,_T,0_TO_100,_Z,_Z,_Z,_Z,IX,2,WB_WDI,P1Y,0,A,PU,Annual,Ukraine,Gini index,Total,All age ranges or no breakdown by age,Total,0-100 scale,Not Applicable,Not Applicable,Not Applicable,Not Applicable,Index,Two,World Development Indicators (WDI),Annual,Units,Normal value,Public,,,,,,,,,,,,,,,,,,,,,,,,,,,,,,29.7,28.9,,39.2,35.2,,,28.9,,,29.0,28.7,28.9,29.0,29.8,27.0,26.6,25.3,24.8,24.6,24.7,24.6,24.0,25.5,25.0,26.0,26.1,26.6,25.6,,,,,
datastructure,WB.DATA360:DS_DATA360(1.3),I,A,EST,WB_WDI_SI_POV_GINI,_T,_T,_T,0_TO_100,_Z,_Z,_Z,_Z,IX,2,WB_WDI,P1Y,0,A,PU,Annual,Estonia,Gini index,Total,All age ranges or no breakdown by age,Total,0-100 scale,Not Applicable,Not Applicable,Not Applicable,Not Applicable,Index,Two,World Development Indicators (WDI),Annual,Units,Normal value,Public,,,,,,,,,,,,,,,,,,,,,,,,,,,,,,,39.4,,30.1,,,37.6,,35.8,36.0,35.8,37.2,33.6,33.4,33.7,31.2,31.9,31.4,32.0,32.5,32.9,35.1,34.6,32.7,31.2,30.4,30.3,30.8,30.7,31.8,32.3,30.7,,
datastructure,WB.DATA360:DS_DATA360(1.3),I,A,ALB,WB_WDI_SI_POV_GINI,_T,_T,_T,0_TO_100,_Z,_Z,_Z,_Z,IX,2,WB_WDI,P1Y,0,A,PU,Annual,Albania,Gini index,Total,All age ranges or no breakdown by age,Total,0-100 scale,Not Applicable,Not Applicable,Not Applicable,Not Applicable,Index,Two,World Development Indicators (WDI),Annual,Units,Normal value,Public,,,,,,,,,,,,,,,,,,,,,,,,,,,,,,,,,,27.0,,,,,,31.7,,,30.6,,,30.0,,,,29.0,,34.6,32.8,33.7,33.1,30.1,30.1,29.4,,,,,
datastructure,WB.DATA360:DS_DATA360(1.3),I,A,LTU,WB_WDI_SI_POV_GINI,_T,_T,_T,0_TO_100,_Z,_Z,_Z,_Z,IX,2,WB_WDI,P1Y,0,A,PU,Annual,Lithuania,Gini index,Total,All age ranges or no breakdown by age,Total,0-100 scale,Not Applicable,Not Applicable,Not Applicable,Not Applicable,Index,Two,World Development Indicators (WDI),Annual,Units,Normal value,Public,,,,,,,,,,,,,,,,,,,,,,,,,,,,,,,33.2,,,32.3,,32.1,32.0,31.7,32.0,31.9,35.5,37.0,35.3,34.4,34.8,35.7,37.2,33.6,32.5,35.1,35.3,37.7,37.4,38.4,37.3,35.7,35.3,36.0,36.7,36.6,36.0,,
datastructure,WB.DATA360:DS_DATA360(1.3),I,A,GHA,WB_WDI_SI_POV_GINI,_T,_T,_T,0_TO_100,_Z,_Z,_Z,_Z,IX,2,WB_WDI,P1Y,0,A,PU,Annual,Ghana,Gini index,Total,All age ranges or no breakdown by age,Total,0-100 scale,Not Applicable,Not Applicable,Not Applicable,Not Applicable,Index,Two,World Development Indicators (WDI),Annual,Units,Normal value,Public,,,,,,,,,,,,,,,,,,,,,,,,,35.3,36.0,,,38.4,,,,,,,40.1,,,,,,,42.8,,,,,,,42.4,,,,43.5,,,,,,,,,
datastructure,WB.DATA360:DS_DATA360(1.3),I,A,MRT,WB_WDI_SI_POV_GINI,_T,_T,_T,0_TO_100,_Z,_Z,_Z,_Z,IX,2,WB_WDI,P1Y,0,A,PU,Annual,Mauritania,Gini index,Total,All age ranges or no breakdown by age,Total,0-100 scale,Not Applicable,Not Applicable,Not Applicable,Not Applicable,Index,Two,World Development Indicators (WDI),Annual,Units,Normal value,Public,,,,,,,,,,,,,,,,,,,,,,,,,43.9,,,,,,49.5,,37.7,,,,,39.0,,,,40.2,,,,35.7,,,,,,32.6,,,,,32.0,,,,,,
datastructure,WB.DATA360:DS_DATA360(1.3),I,A,LBN,WB_WDI_SI_POV_GINI,_T,_T,_T,0_TO_100,_Z,_Z,_Z,_Z,IX,2,WB_WDI,P1Y,0,A,PU,Annual,Lebanon,Gini index,Total,All age ranges or no breakdown by age,Total,0-100 scale,Not Applicable,Not Applicable,Not Applicable,Not Applicable,Index,Two,World Development Indicators (WDI),Annual,Units,Normal value,Public,,,,,,,,,,,,,,,,,,,,,,,,,,,,,,,,,,,,,,,,,,,,,,,,,31.8,,,,,,,,,,,35.5,,,
datastructure,WB.DATA360:DS_DATA360(1.3),I,A,BWA,WB_WDI_SI_POV_GINI,_T,_T,_T,0_TO_100,_Z,_Z,_Z,_Z,IX,2,WB_WDI,P1Y,0,A,PU,Annual,Botswana,Gini index,Total,All age ranges or no breakdown by age,Total,0-100 scale,Not Applicable,Not Applicable,Not Applicable,Not Applicable,Index,Two,World Development Indicators (WDI),Annual,Units,Normal value,Public,,,,,,,,,,,,,,,,,,,,,,,54.2,,,,,,,,60.1,,,,,,,,,61.5,,,,,,,56.9,,,,,,54.9,,,,,,,,,,
datastructure,WB.DATA360:DS_DATA360(1.3),I,A,STP,WB_WDI_SI_POV_GINI,_T,_T,_T,0_TO_100,_Z,_Z,_Z,_Z,IX,2,WB_WDI,P1Y,0,A,PU,Annual,São Tomé and Príncipe,Gini index,Total,All age ranges or no breakdown by age,Total,0-100 scale,Not Applicable,Not Applicable,Not Applicable,Not Applicable,Index,Two,World Development Indicators (WDI),Annual,Units,Normal value,Public,,,,,,,,,,,,,,,,,,,,,,,,,,,,,,,,,,,,,,32.1,,,,,,,,,,30.8,,,,,,,40.7,,,,,,,,
datastructure,WB.DATA360:DS_DATA360(1.3),I,A,GAB,WB_WDI_SI_POV_GINI,_T,_T,_T,0_TO_100,_Z,_Z,_Z,_Z,IX,2,WB_WDI,P1Y,0,A,PU,Annual,Gabon,Gini index,Total,All age ranges or no breakdown by age,Total,0-100 scale,Not Applicable,Not Applicable,Not Applicable,Not Applicable,Index,Two,World Development Indicators (WDI),Annual,Units,Normal value,Public,,,,,,,,,,,,,,,,,,,,,,,,,,,,,,,,,,,,,,,,,,,42.2,,,,,,,,,,,,38.0,,,,,,,,
datastructure,WB.DATA360:DS_DATA360(1.3),I,A,SSD,WB_WDI_SI_POV_GINI,_T,_T,_T,0_TO_100,_Z,_Z,_Z,_Z,IX,2,WB_WDI,P1Y,0,A,PU,Annual,South Sudan,Gini index,Total,All age ranges or no breakdown by age,Total,0-100 scale,Not Applicable,Not Applicable,Not Applicable,Not Applicable,Index,Two,World Development Indicators (WDI),Annual,Units,Normal value,Public,,,,,,,,,,,,,,,,,,,,,,,,,,,,,,,,,,,,,,,,,,,,,,,46.3,,,,,,,44.0,,,,,,,,,
datastructure,WB.DATA360:DS_DATA360(1.3),I,A,ISR,WB_WDI_SI_POV_GINI,_T,_T,_T,0_TO_100,_Z,_Z,_Z,_Z,IX,2,WB_WDI,P1Y,0,A,PU,Annual,Israel,Gini index,Total,All age ranges or no breakdown by age,Total,0-100 scale,Not Applicable,Not Applicable,Not Applicable,Not Applicable,Index,Two,World Development Indicators (WDI),Annual,Units,Normal value,Public,,,,,,,,,,,,,,,,,36.3,,,,,,,36.5,,,,,,35.5,,,,,38.1,,,,38.9,39.6,40.7,41.5,42.3,41.6,41.1,41.6,42.6,42.6,41.5,41.3,39.9,39.8,39.7,39.0,38.2,38.6,38.3,37.8,37.9,38.3,,,
datastructure,WB.DATA360:DS_DATA360(1.3),I,A,COM,WB_WDI_SI_POV_GINI,_T,_T,_T,0_TO_100,_Z,_Z,_Z,_Z,IX,2,WB_WDI,P1Y,0,A,PU,Annual,Comoros,Gini index,Total,All age ranges or no breakdown by age,Total,0-100 scale,Not Applicable,Not Applicable,Not Applicable,Not Applicable,Index,Two,World Development Indicators (WDI),Annual,Units,Normal value,Public,,,,,,,,,,,,,,,,,,,,,,,,,,,,,,,,,,,,,,,,,,55.9,,,,,,,,,,45.3,,,,,,34.2,,,,30.3,
datastructure,WB.DATA360:DS_DATA360(1.3),I,A,IRL,WB_WDI_SI_POV_GINI,_T,_T,_T,0_TO_100,_Z,_Z,_Z,_Z,IX,2,WB_WDI,P1Y,0,A,PU,Annual,Ireland,Gini index,Total,All age ranges or no breakdown by age,Total,0-100 scale,Not Applicable,Not Applicable,Not Applicable,Not Applicable,Index,Two,World Development Indicators (WDI),Annual,Units,Normal value,Public,,,,,,,,,,,,,,,,,,,,,,,,,35.5,,,,,,,36.9,37.0,35.6,,,,33.0,,32.3,32.9,33.6,33.8,32.7,31.9,30.9,32.7,32.3,32.9,33.2,33.5,31.9,31.8,32.8,31.4,30.6,30.3,29.2,29.4,29.9,29.0,,
datastructure,WB.DATA360:DS_DATA360(1.3),I,A,MWI,WB_WDI_SI_POV_GINI,_T,_T,_T,0_TO_100,_Z,_Z,_Z,_Z,IX,2,WB_WDI,P1Y,0,A,PU,Annual,Malawi,Gini index,Total,All age ranges or no breakdown by age,Total,0-100 scale,Not Applicable,Not Applicable,Not Applicable,Not Applicable,Index,Two,World Development Indicators (WDI),Annual,Units,Normal value,Public,,,,,,,,,,,,,,,,,,,,,,,,,,,,,,,,,,,65.8,,,,,,,39.9,,,,,,45.5,,,,,,44.7,,,38.5,,,,,,
datastructure,WB.DATA360:DS_DATA360(1.3),I,A,TLS,WB_WDI_SI_POV_GINI,_T,_T,_T,0_TO_100,_Z,_Z,_Z,_Z,IX,2,WB_WDI,P1Y,0,A,PU,Annual,Timor-Leste,Gini index,Total,All age ranges or no breakdown by age,Total,0-100 scale,Not Applicable,Not Applicable,Not Applicable,Not Applicable,Index,Two,World Development Indicators (WDI),Annual,Units,Normal value,Public,,,,,,,,,,,,,,,,,,,,,,,,,,,,,,,,,,,,,,,35.9,,,,,,27.8,,,,,,,28.7,,,,,,,,,,,
datastructure,WB.DATA360:DS_DATA360(1.3),I,A,NOR,WB_WDI_SI_POV_GINI,_T,_T,_T,0_TO_100,_Z,_Z,_Z,_Z,IX,2,WB_WDI,P1Y,0,A,PU,Annual,Norway,Gini index,Total,All age ranges or no breakdown by age,Total,0-100 scale,Not Applicable,Not Applicable,Not Applicable,Not Applicable,Index,Two,World Development Indicators (WDI),Annual,Units,Normal value,Public,,,,,,,,,,,,,,,,,26.9,,,,,,,24.6,,,,,25.2,,,,26.0,,,,,27.4,,,27.6,31.6,30.6,26.4,27.1,27.0,26.2,25.7,25.3,25.7,26.4,26.8,27.5,28.5,27.0,27.6,27.7,28.4,29.1,26.9,26.5,,
datastructure,WB.DATA360:DS_DATA360(1.3),I,A,ESP,WB_WDI_SI_POV_GINI,_T,_T,_T,0_TO_100,_Z,_Z,_Z,_Z,IX,2,WB_WDI,P1Y,0,A,PU,Annual,Spain,Gini index,Total,All age ranges or no breakdown by age,Total,0-100 scale,Not Applicable,Not Applicable,Not Applicable,Not Applicable,Index,Two,World Development Indicators (WDI),Annual,Units,Normal value,Public,,,,,,,,,,,,,,,,,,34.5,,,,,34.4,,,,,32.0,,,35.7,35.1,35.7,36.5,35.3,34.6,33.8,34.1,,,31.8,33.3,32.4,33.5,34.1,34.2,34.9,35.2,35.7,35.4,36.2,36.1,36.2,35.8,34.7,34.7,34.3,34.9,33.9,33.6,33.4,,
datastructure,WB.DATA360:DS_DATA360(1.3),I,A,HTI,WB_WDI_SI_POV_GINI,_T,_T,_T,0_TO_100,_Z,_Z,_Z,_Z,IX,2,WB_WDI,P1Y,0,A,PU,Annual,Haiti,Gini index,Total,All age ranges or no breakdown by age,Total,0-100 scale,Not Applicable,Not Applicable,Not Applicable,Not Applicable,Index,Two,World Development Indicators (WDI),Annual,Units,Normal value,Public,,,,,,,,,,,,,,,,,,,,,,,,,,,,,,,,,,,,,,,59.0,,,,,,,,,,,41.1,,,,,,,,,,,,,
datastructure,WB.DATA360:DS_DATA360(1.3),I,A,IND,WB_WDI_SI_POV_GINI,_T,_T,_T,0_TO_100,_Z,_Z,_Z,_Z,IX,2,WB_WDI,P1Y,0,A,PU,Annual,India,Gini index,Total,All age ranges or no breakdown by age,Total,0-100 scale,Not Applicable,Not Applicable,Not Applicable,Not Applicable,Index,Two,World Development Indicators (WDI),Annual,Units,Normal value,Public,,,,,,,,,,,,,,,29.7,,,,,,27.2,,,,27.5,,,,,,26.1,,,,,,,,,,,27.7,,,,,27.8,,28.8,,,,,,,,,,,25.5,,,
datastructure,WB.DATA360:DS_DATA360(1.3),I,A,FIN,WB_WDI_SI_POV_GINI,_T,_T,_T,0_TO_100,_Z,_Z,_Z,_Z,IX,2,WB_WDI,P1Y,0,A,PU,Annual,Finland,Gini index,Total,All age ranges or no breakdown by age,Total,0-100 scale,Not Applicable,Not Applicable,Not Applicable,Not Applicable,Index,Two,World Development Indicators (WDI),Annual,Units,Normal value,Public,,,,,,,,,,,,,,,,,,,,,,,,,22.2,,,,22.9,,,,23.5,,,,,27.2,,,27.7,27.9,27.6,28.0,28.3,27.8,27.5,27.7,27.6,27.1,27.2,26.8,27.1,27.1,27.4,27.3,27.7,27.1,27.7,27.9,27.4,,
datastructure,WB.DATA360:DS_DATA360(1.3),I,A,FJI,WB_WDI_SI_POV_GINI,_T,_T,_T,0_TO_100,_Z,_Z,_Z,_Z,IX,2,WB_WDI,P1Y,0,A,PU,Annual,Fiji,Gini index,Total,All age ranges or no breakdown by age,Total,0-100 scale,Not Applicable,Not Applicable,Not Applicable,Not Applicable,Index,Two,World Development Indicators (WDI),Annual,Units,Normal value,Public,,,,,,,,,,,,,,,,,,,,,,,,,,,,,,,,,,,,,,,,38.1,,,,,,40.4,,,,,36.7,,,,,,30.7,,,,,,
datastructure,WB.DATA360:DS_DATA360(1.3),I,A,CMR,WB_WDI_SI_POV_GINI,_T,_T,_T,0_TO_100,_Z,_Z,_Z,_Z,IX,2,WB_WDI,P1Y,0,A,PU,Annual,Cameroon,Gini index,Total,All age ranges or no breakdown by age,Total,0-100 scale,Not Applicable,Not Applicable,Not Applicable,Not Applicable,Index,Two,World Development Indicators (WDI),Annual,Units,Normal value,Public,,,,,,,,,,,,,,,,,,,,,,,,,,,,,,,,,,44.4,,,,,42.1,,,,,,42.8,,,,,,,46.6,,,,,,,42.2,,,,
datastructure,WB.DATA360:DS_DATA360(1.3),I,A,UZB,WB_WDI_SI_POV_GINI,_T,_T,_T,0_TO_100,_Z,_Z,_Z,_Z,IX,2,WB_WDI,P1Y,0,A,PU,Annual,Uzbekistan,Gini index,Total,All age ranges or no breakdown by age,Total,0-100 scale,Not Applicable,Not Applicable,Not Applicable,Not Applicable,Index,Two,World Development Indicators (WDI),Annual,Units,Normal value,Public,,,,,,,,,,,,,,,,,,,,,,,,,,,,,,,,,,,,44.1,,35.9,,33.0,35.2,,,,,,,,,,,,,,,,,,32.9,31.2,34.5,34.6,32.7
datastructure,WB.DATA360:DS_DATA360(1.3),I,A,ETH,WB_WDI_SI_POV_GINI,_T,_T,_T,0_TO_100,_Z,_Z,_Z,_Z,IX,2,WB_WDI,P1Y,0,A,PU,Annual,Ethiopia,Gini index,Total,All age ranges or no breakdown by age,Total,0-100 scale,Not Applicable,Not Applicable,Not Applicable,Not Applicable,Index,Two,World Development Indicators (WDI),Annual,Units,Normal value,Public,,,,,,,,,,,,,,,,,,,,,,,,,,,,,,,,,44.6,,,,30.0,,,,,29.8,,,,,,33.2,,,,,35.0,,,,,,31.1,,,,
datastructure,WB.DATA360:DS_DATA360(1.3),I,A,CAN,WB_WDI_SI_POV_GINI,_T,_T,_T,0_TO_100,_Z,_Z,_Z,_Z,IX,2,WB_WDI,P1Y,0,A,PU,Annual,Canada,Gini index,Total,All age ranges or no breakdown by age,Total,0-100 scale,Not Applicable,Not Applicable,Not Applicable,Not Applicable,Index,Two,World Development Indicators (WDI),Annual,Units,Normal value,Public,,,,,,,,,37.2,,34.9,,34.1,,33.7,,33.5,,33.0,32.9,,33.5,33.2,31.7,31.7,31.2,31.0,31.4,31.9,31.6,31.7,31.3,31.5,32.8,33.1,33.2,33.1,33.4,33.6,33.6,33.8,33.8,33.6,34.1,33.8,33.9,34.0,33.6,32.7,33.5,33.8,33.2,33.7,32.7,33.3,32.5,31.8,29.9,31.1,31.5,,,
datastructure,WB.DATA360:DS_DATA360(1.3),I,A,MHL,WB_WDI_SI_POV_GINI,_T,_T,_T,0_TO_100,_Z,_Z,_Z,_Z,IX,2,WB_WDI,P1Y,0,A,PU,Annual,Marshall Islands,Gini index,Total,All age ranges or no breakdown by age,Total,0-100 scale,Not Applicable,Not Applicable,Not Applicable,Not Applicable,Index,Two,World Development Indicators (WDI),Annual,Units,Normal value,Public,,,,,,,,,,,,,,,,,,,,,,,,,,,,,,,,,,,,,,,,,,,,,,,,,,,,,,,,,35.5,,,,,,
datastructure,WB.DATA360:DS_DATA360(1.3),I,A,ITA,WB_WDI_SI_POV_GINI,_T,_T,_T,0_TO_100,_Z,_Z,_Z,_Z,IX,2,WB_WDI,P1Y,0,A,PU,Annual,Italy,Gini index,Total,All age ranges or no breakdown by age,Total,0-100 scale,Not Applicable,Not Applicable,Not Applicable,Not Applicable,Index,Two,World Development Indicators (WDI),Annual,Units,Normal value,Public,,,,,,,,,,,,,,,34.0,33.3,33.3,32.9,31.6,29.2,29.8,31.3,,31.2,34.2,,32.1,,31.1,,35.1,,35.2,,,36.7,,35.2,,34.7,34.9,34.3,33.8,33.7,32.9,33.8,33.8,34.7,35.1,35.2,34.9,34.7,35.4,35.2,35.9,35.2,34.6,35.2,34.8,33.7,34.3,,
datastructure,WB.DATA360:DS_DATA360(1.3),I,A,NGA,WB_WDI_SI_POV_GINI,_T,_T,_T,0_TO_100,_Z,_Z,_Z,_Z,IX,2,WB_WDI,P1Y,0,A,PU,Annual,Nigeria,Gini index,Total,All age ranges or no breakdown by age,Total,0-100 scale,Not Applicable,Not Applicable,Not Applicable,Not Applicable,Index,Two,World Development Indicators (WDI),Annual,Units,Normal value,Public,,,,,,,,,,,,,,,,,,,,,,,38.7,,,,,,,44.9,,,,51.9,,,,,,,40.1,,,,,,,35.7,,35.5,,,35.9,,,35.1,,,,33.9,,,
datastructure,WB.DATA360:DS_DATA360(1.3),I,A,SLB,WB_WDI_SI_POV_GINI,_T,_T,_T,0_TO_100,_Z,_Z,_Z,_Z,IX,2,WB_WDI,P1Y,0,A,PU,Annual,Solomon Islands,Gini index,Total,All age ranges or no breakdown by age,Total,0-100 scale,Not Applicable,Not Applicable,Not Applicable,Not Applicable,Index,Two,World Development Indicators (WDI),Annual,Units,Normal value,Public,,,,,,,,,,,,,,,,,,,,,,,,,,,,,,,,,,,,,,,,,,,46.1,,,,,,,37.1,,,,,,,,,,,,,
datastructure,WB.DATA360:DS_DATA360(1.3),I,A,MUS,WB_WDI_SI_POV_GINI,_T,_T,_T,0_TO_100,_Z,_Z,_Z,_Z,IX,2,WB_WDI,P1Y,0,A,PU,Annual,Mauritius,Gini index,Total,All age ranges or no breakdown by age,Total,0-100 scale,Not Applicable,Not Applicable,Not Applicable,Not Applicable,Index,Two,World Development Indicators (WDI),Annual,Units,Normal value,Public,,,,,,,,,,,,,,,,,,,,,,,,,,,,,,,,,,,,,,,,,,,,35.7,,,,,,38.5,,,,,36.8,,,,,,,,
datastructure,WB.DATA360:DS_DATA360(1.3),I,A,JOR,WB_WDI_SI_POV_GINI,_T,_T,_T,0_TO_100,_Z,_Z,_Z,_Z,IX,2,WB_WDI,P1Y,0,A,PU,Annual,Jordan,Gini index,Total,All age ranges or no breakdown by age,Total,0-100 scale,Not Applicable,Not Applicable,Not Applicable,Not Applicable,Index,Two,World Development Indicators (WDI),Annual,Units,Normal value,Public,,,,,,,,,,,,,,,,,,,,,,,,36.1,,,,,,43.1,,,,,36.4,,,,,37.0,,,,33.9,,32.6,,33.7,,,,,,,,,,,,,,,
datastructure,WB.DATA360:DS_DATA360(1.3),I,A,LUX,WB_WDI_SI_POV_GINI,_T,_T,_T,0_TO_100,_Z,_Z,_Z,_Z,IX,2,WB_WDI,P1Y,0,A,PU,Annual,Luxembourg,Gini index,Total,All age ranges or no breakdown by age,Total,0-100 scale,Not Applicable,Not Applicable,Not Applicable,Not Applicable,Index,Two,World Development Indicators (WDI),Annual,Units,Normal value,Public,,,,,,,,,,,,,,,,,,,,,,,26.3,28.1,29.5,28.8,30.8,27.7,27.2,27.3,27.0,28.2,28.3,29.1,29.6,30.6,30.1,30.1,30.9,31.1,30.2,30.2,30.8,30.9,31.1,32.6,31.2,30.5,32.1,34.3,32.0,31.2,32.9,31.7,34.5,35.4,34.2,33.4,32.7,34.1,33.6,,
datastructure,WB.DATA360:DS_DATA360(1.3),I,A,MDG,WB_WDI_SI_POV_GINI,_T,_T,_T,0_TO_100,_Z,_Z,_Z,_Z,IX,2,WB_WDI,P1Y,0,A,PU,Annual,Madagascar,Gini index,Total,All age ranges or no breakdown by age,Total,0-100 scale,Not Applicable,Not Applicable,Not Applicable,Not Applicable,Index,Two,World Development Indicators (WDI),Annual,Units,Normal value,Public,,,,,,,,,,,,,,,,,,46.8,,,,,,,,,,,,,45.2,,,,39.4,,38.6,,47.4,,,,39.9,,,,,42.4,,42.6,,,,,,,,,36.8,,,,
datastructure,WB.DATA360:DS_DATA360(1.3),I,A,POL,WB_WDI_SI_POV_GINI,_T,_T,_T,0_TO_100,_Z,_Z,_Z,_Z,IX,2,WB_WDI,P1Y,0,A,PU,Annual,Poland,Gini index,Total,All age ranges or no breakdown by age,Total,0-100 scale,Not Applicable,Not Applicable,Not Applicable,Not Applicable,Index,Two,World Development Indicators (WDI),Annual,Units,Normal value,Public,,,,,,,,,,,,,,,,,,,,,,,25.1,28.0,25.5,,26.8,,,29.3,26.7,,34.6,32.6,,32.3,32.3,33.0,32.8,34.1,34.9,38.0,35.8,34.7,34.0,33.5,33.4,33.2,33.2,33.0,33.1,32.8,31.8,31.2,29.7,30.2,28.8,28.5,28.5,28.9,28.5,,
datastructure,WB.DATA360:DS_DATA360(1.3),I,A,GEO,WB_WDI_SI_POV_GINI,_T,_T,_T,0_TO_100,_Z,_Z,_Z,_Z,IX,2,WB_WDI,P1Y,0,A,PU,Annual,Georgia,Gini index,Total,All age ranges or no breakdown by age,Total,0-100 scale,Not Applicable,Not Applicable,Not Applicable,Not Applicable,Index,Two,World Development Indicators (WDI),Annual,Units,Normal value,Public,,,,,,,,,,,,,,,,,,,,,,,,,,,,,,,,,,37.1,40.7,41.2,40.1,40.5,39.6,37.2,36.6,36.2,37.4,36.9,38.1,38.5,38.2,39.5,39.6,39.0,38.6,37.6,36.5,36.6,37.9,36.4,35.9,34.5,34.2,33.5,34.8,33.9,
datastructure,WB.DATA360:DS_DATA360(1.3),I,A,AGO,WB_WDI_SI_POV_GINI,_T,_T,_T,0_TO_100,_Z,_Z,_Z,_Z,IX,2,WB_WDI,P1Y,0,A,PU,Annual,Angola,Gini index,Total,All age ranges or no breakdown by age,Total,0-100 scale,Not Applicable,Not Applicable,Not Applicable,Not Applicable,Index,Two,World Development Indicators (WDI),Annual,Units,Normal value,Public,,,,,,,,,,,,,,,,,,,,,,,,,,,,,,,,,,,,,,51.9,,,,,,,,42.7,,,,,,,,,,51.3,,,,,,,
datastructure,WB.DATA360:DS_DATA360(1.3),I,A,PSE,WB_WDI_SI_POV_GINI,_T,_T,_T,0_TO_100,_Z,_Z,_Z,_Z,IX,2,WB_WDI,P1Y,0,A,PU,Annual,West Bank and Gaza,Gini index,Total,All age ranges or no breakdown by age,Total,0-100 scale,Not Applicable,Not Applicable,Not Applicable,Not Applicable,Index,Two,World Development Indicators (WDI),Annual,Units,Normal value,Public,,,,,,,,,,,,,,,,,,,,,,,,,,,,,,,,,,,,,,,,,,34.0,34.7,34.0,35.6,,34.5,35.3,34.4,,,,,33.7,,,,,,,36.4,,
datastructure,WB.DATA360:DS_DATA360(1.3),I,A,MEX,WB_WDI_SI_POV_GINI,_T,_T,_T,0_TO_100,_Z,_Z,_Z,_Z,IX,2,WB_WDI,P1Y,0,A,PU,Annual,Mexico,Gini index,Total,All age ranges or no breakdown by age,Total,0-100 scale,Not Applicable,Not Applicable,Not Applicable,Not Applicable,Index,Two,World Development Indicators (WDI),Annual,Units,Normal value,Public,,,,,,,,,,,,,,,,,,,,,,48.5,,,,,50.1,,,52.3,,53.4,,52.0,,53.3,,53.4,,50.6,,50.3,50.9,49.7,,50.8,,47.7,,49.6,,48.9,,46.9,,46.0,,44.6,,43.5,,42.6,
datastructure,WB.DATA360:DS_DATA360(1.3),I,A,MNE,WB_WDI_SI_POV_GINI,_T,_T,_T,0_TO_100,_Z,_Z,_Z,_Z,IX,2,WB_WDI,P1Y,0,A,PU,Annual,Montenegro,Gini index,Total,All age ranges or no breakdown by age,Total,0-100 scale,Not Applicable,Not Applicable,Not Applicable,Not Applicable,Index,Two,World Development Indicators (WDI),Annual,Units,Normal value,Public,,,,,,,,,,,,,,,,,,,,,,,,,,,,,,,,,,,,,,,,,,,30.2,30.0,31.4,30.5,31.0,28.9,30.8,41.2,39.0,38.8,39.0,38.5,36.9,36.8,35.7,35.4,34.3,,,,
datastructure,WB.DATA360:DS_DATA360(1.3),I,A,HND,WB_WDI_SI_POV_GINI,_T,_T,_T,0_TO_100,_Z,_Z,_Z,_Z,IX,2,WB_WDI,P1Y,0,A,PU,Annual,Honduras,Gini index,Total,All age ranges or no breakdown by age,Total,0-100 scale,Not Applicable,Not Applicable,Not Applicable,Not Applicable,Index,Two,World Development Indicators (WDI),Annual,Units,Normal value,Public,,,,,,,,,,,,,,,,,,,,,,,,,,,55.4,55.9,51.8,51.8,53.4,55.0,55.5,55.7,52.7,57.3,55.2,,55.4,55.7,58.1,58.1,59.5,57.5,55.8,55.5,51.3,53.1,52.6,53.4,50.0,49.9,49.2,49.8,49.4,48.9,48.2,,,,46.8,45.7,
datastructure,WB.DATA360:DS_DATA360(1.3),I,A,FSM,WB_WDI_SI_POV_GINI,_T,_T,_T,0_TO_100,_Z,_Z,_Z,_Z,IX,2,WB_WDI,P1Y,0,A,PU,Annual,"Micronesia, Fed. Sts.",Gini index,Total,All age ranges or no breakdown by age,Total,0-100 scale,Not Applicable,Not Applicable,Not Applicable,Not Applicable,Index,Two,World Development Indicators (WDI),Annual,Units,Normal value,Public,,,,,,,,,,,,,,,,,,,,,,,,,,,,,,,,,,,,,,,,,,,42.4,,,,,,,,40.1,,,,,,,,,,,,
datastructure,WB.DATA360:DS_DATA360(1.3),I,A,ECU,WB_WDI_SI_POV_GINI,_T,_T,_T,0_TO_100,_Z,_Z,_Z,_Z,IX,2,WB_WDI,P1Y,0,A,PU,Annual,Ecuador,Gini index,Total,All age ranges or no breakdown by age,Total,0-100 scale,Not Applicable,Not Applicable,Not Applicable,Not Applicable,Index,Two,World Development Indicators (WDI),Annual,Units,Normal value,Public,,,,,,,,,,,,,,,,,,,,,,,,,50.5,,,,,,,53.3,50.8,,,49.6,58.6,56.3,,,53.5,53.9,53.1,52.3,53.4,49.8,48.5,48.8,45.9,46.1,46.9,45.0,46.0,45.0,44.7,45.4,45.7,47.3,45.8,45.5,44.6,45.2,45.9
datastructure,WB.DATA360:DS_DATA360(1.3),I,A,GRC,WB_WDI_SI_POV_GINI,_T,_T,_T,0_TO_100,_Z,_Z,_Z,_Z,IX,2,WB_WDI,P1Y,0,A,PU,Annual,Greece,Gini index,Total,All age ranges or no breakdown by age,Total,0-100 scale,Not Applicable,Not Applicable,Not Applicable,Not Applicable,Index,Two,World Development Indicators (WDI),Annual,Units,Normal value,Public,,,,,,,,,,,,,,,,,,,,,,,,,,,,,,,,,36.5,,,,,34.4,,35.5,32.8,33.6,34.6,35.1,34.0,33.6,33.6,34.1,34.8,36.3,36.1,35.8,36.0,35.0,34.4,32.9,33.1,33.6,32.9,33.4,33.4,,
datastructure,WB.DATA360:DS_DATA360(1.3),I,A,MYS,WB_WDI_SI_POV_GINI,_T,_T,_T,0_TO_100,_Z,_Z,_Z,_Z,IX,2,WB_WDI,P1Y,0,A,PU,Annual,Malaysia,Gini index,Total,All age ranges or no breakdown by age,Total,0-100 scale,Not Applicable,Not Applicable,Not Applicable,Not Applicable,Index,Two,World Development Indicators (WDI),Annual,Units,Normal value,Public,,,,,,,,,,,,,,,,,,,,,,48.5,,,47.0,,46.2,,,47.7,,,48.5,,49.1,,,,,,46.4,,,44.8,,45.5,,,43.6,,41.3,,41.1,,,41.2,,,40.7,,,,
datastructure,WB.DATA360:DS_DATA360(1.3),I,A,MKD,WB_WDI_SI_POV_GINI,_T,_T,_T,0_TO_100,_Z,_Z,_Z,_Z,IX,2,WB_WDI,P1Y,0,A,PU,Annual,North Macedonia,Gini index,Total,All age ranges or no breakdown by age,Total,0-100 scale,Not Applicable,Not Applicable,Not Applicable,Not Applicable,Index,Two,World Development Indicators (WDI),Annual,Units,Normal value,Public,,,,,,,,,,,,,,,,,,,,,,,,,,,,,,,,,,,,28.1,,34.3,,38.5,38.7,38.4,39.3,42.6,,46.1,42.8,40.1,39.4,38.1,36.2,35.2,35.6,34.5,34.2,33.0,33.5,,,,,,
datastructure,WB.DATA360:DS_DATA360(1.3),I,A,NLD,WB_WDI_SI_POV_GINI,_T,_T,_T,0_TO_100,_Z,_Z,_Z,_Z,IX,2,WB_WDI,P1Y,0,A,PU,Annual,Netherlands,Gini index,Total,All age ranges or no breakdown by age,Total,0-100 scale,Not Applicable,Not Applicable,Not Applicable,Not Applicable,Index,Two,World Development Indicators (WDI),Annual,Units,Normal value,Public,,,,,,,,,,,,,,,,,,,,,28.4,,,,26.8,,,31.1,,,30.4,,,,,,28.1,,,,,29.8,29.0,30.0,29.6,29.3,27.9,27.8,27.8,27.6,28.1,28.6,28.2,28.2,28.5,28.1,29.2,26.0,25.7,,,,
datastructure,WB.DATA360:DS_DATA360(1.3),I,A,IRN,WB_WDI_SI_POV_GINI,_T,_T,_T,0_TO_100,_Z,_Z,_Z,_Z,IX,2,WB_WDI,P1Y,0,A,PU,Annual,"Iran, Islamic Rep.",Gini index,Total,All age ranges or no breakdown by age,Total,0-100 scale,Not Applicable,Not Applicable,Not Applicable,Not Applicable,Index,Two,World Development Indicators (WDI),Annual,Units,Normal value,Public,,,,,,,,,,,,,,,,,,,,,,,,47.4,,,,43.6,,,,43.0,,,,44.1,,,,,,,43.6,44.8,,,42.1,,34.7,34.4,34.0,34.8,35.3,35.9,36.7,37.4,36.5,35.8,35.5,34.8,35.9,,
datastructure,WB.DATA360:DS_DATA360(1.3),I,A,SLE,WB_WDI_SI_POV_GINI,_T,_T,_T,0_TO_100,_Z,_Z,_Z,_Z,IX,2,WB_WDI,P1Y,0,A,PU,Annual,Sierra Leone,Gini index,Total,All age ranges or no breakdown by age,Total,0-100 scale,Not Applicable,Not Applicable,Not Applicable,Not Applicable,Index,Two,World Development Indicators (WDI),Annual,Units,Normal value,Public,,,,,,,,,,,,,,,,,,,,,,,,,,,,,,,,,,,,,,,,,40.2,,,,,,,,34.0,,,,,,,35.7,,,,,,,
datastructure,WB.DATA360:DS_DATA360(1.3),I,A,CRI,WB_WDI_SI_POV_GINI,_T,_T,_T,0_TO_100,_Z,_Z,_Z,_Z,IX,2,WB_WDI,P1Y,0,A,PU,Annual,Costa Rica,Gini index,Total,All age ranges or no breakdown by age,Total,0-100 scale,Not Applicable,Not Applicable,Not Applicable,Not Applicable,Index,Two,World Development Indicators (WDI),Annual,Units,Normal value,Public,,,,,,,,,,,,,,,,,,,47.5,,,,,34.4,,,45.5,45.2,46.6,45.6,45.9,46.7,45.7,46.5,45.6,45.6,47.6,47.4,51.5,51.8,49.3,48.4,47.5,49.3,49.3,48.6,50.6,48.0,48.8,48.4,49.2,48.6,48.4,48.7,48.3,48.0,48.2,49.2,48.7,47.2,46.7,45.8,45.5
datastructure,WB.DATA360:DS_DATA360(1.3),I,A,BLR,WB_WDI_SI_POV_GINI,_T,_T,_T,0_TO_100,_Z,_Z,_Z,_Z,IX,2,WB_WDI,P1Y,0,A,PU,Annual,Belarus,Gini index,Total,All age ranges or no breakdown by age,Total,0-100 scale,Not Applicable,Not Applicable,Not Applicable,Not Applicable,Index,Two,World Development Indicators (WDI),Annual,Units,Normal value,Public,,,,,,,,,,,,,,,,,,,,,,,,,,,,,,,21.6,,28.7,,,32.0,31.7,31.2,30.6,30.3,28.8,26.5,27.6,28.3,29.6,27.8,27.7,28.6,27.2,26.5,26.6,27.2,25.6,25.3,25.4,25.2,25.3,24.4,,,,,
datastructure,WB.DATA360:DS_DATA360(1.3),I,A,MLT,WB_WDI_SI_POV_GINI,_T,_T,_T,0_TO_100,_Z,_Z,_Z,_Z,IX,2,WB_WDI,P1Y,0,A,PU,Annual,Malta,Gini index,Total,All age ranges or no breakdown by age,Total,0-100 scale,Not Applicable,Not Applicable,Not Applicable,Not Applicable,Index,Two,World Development Indicators (WDI),Annual,Units,Normal value,Public,,,,,,,,,,,,,,,,,,,,,,,,,,,,,,,,,,,,,,,,,,,,28.0,29.2,29.0,30.2,29.0,29.1,29.4,28.8,29.0,29.4,29.1,29.2,28.7,31.0,31.4,31.6,34.6,31.8,,
datastructure,WB.DATA360:DS_DATA360(1.3),I,A,NIC,WB_WDI_SI_POV_GINI,_T,_T,_T,0_TO_100,_Z,_Z,_Z,_Z,IX,2,WB_WDI,P1Y,0,A,PU,Annual,Nicaragua,Gini index,Total,All age ranges or no breakdown by age,Total,0-100 scale,Not Applicable,Not Applicable,Not Applicable,Not Applicable,Index,Two,World Development Indicators (WDI),Annual,Units,Normal value,Public,,,,,,,,,,,,,,,,,,,,,,,,,,,,,,,57.1,,,,,54.4,,,52.9,,,,48.8,,,,43.9,,,,,46.2,,,,,,,,,,,
datastructure,WB.DATA360:DS_DATA360(1.3),I,A,GRD,WB_WDI_SI_POV_GINI,_T,_T,_T,0_TO_100,_Z,_Z,_Z,_Z,IX,2,WB_WDI,P1Y,0,A,PU,Annual,Grenada,Gini index,Total,All age ranges or no breakdown by age,Total,0-100 scale,Not Applicable,Not Applicable,Not Applicable,Not Applicable,Index,Two,World Development Indicators (WDI),Annual,Units,Normal value,Public,,,,,,,,,,,,,,,,,,,,,,,,,,,,,,,,,,,,,,,,,,,,,,,,,,,,,,,,43.8,,,,,,,
datastructure,WB.DATA360:DS_DATA360(1.3),I,A,VUT,WB_WDI_SI_POV_GINI,_T,_T,_T,0_TO_100,_Z,_Z,_Z,_Z,IX,2,WB_WDI,P1Y,0,A,PU,Annual,Vanuatu,Gini index,Total,All age ranges or no breakdown by age,Total,0-100 scale,Not Applicable,Not Applicable,Not Applicable,Not Applicable,Index,Two,World Development Indicators (WDI),Annual,Units,Normal value,Public,,,,,,,,,,,,,,,,,,,,,,,,,,,,,,,,,,,,,,,,,,,,,,,,37.4,,,,,,,,,32.3,,,,,,
datastructure,WB.DATA360:DS_DATA360(1.3),I,A,SYC,WB_WDI_SI_POV_GINI,_T,_T,_T,0_TO_100,_Z,_Z,_Z,_Z,IX,2,WB_WDI,P1Y,0,A,PU,Annual,Seychelles,Gini index,Total,All age ranges or no breakdown by age,Total,0-100 scale,Not Applicable,Not Applicable,Not Applicable,Not Applicable,Index,Two,World Development Indicators (WDI),Annual,Units,Normal value,Public,,,,,,,,,,,,,,,,,,,,,,,,,,,,,,,,,,,,,42.8,,,,,,,42.8,,,,,,,46.8,,,,,32.1,,,,,,,
datastructure,WB.DATA360:DS_DATA360(1.3),I,A,TGO,WB_WDI_SI_POV_GINI,_T,_T,_T,0_TO_100,_Z,_Z,_Z,_Z,IX,2,WB_WDI,P1Y,0,A,PU,Annual,Togo,Gini index,Total,All age ranges or no breakdown by age,Total,0-100 scale,Not Applicable,Not Applicable,Not Applicable,Not Applicable,Index,Two,World Development Indicators (WDI),Annual,Units,Normal value,Public,,,,,,,,,,,,,,,,,,,,,,,,,,,,,,,,,,,,,,,,,,,,42.2,,,,,46.0,,,,43.0,,,42.5,,,37.9,,,,
datastructure,WB.DATA360:DS_DATA360(1.3),I,A,BGR,WB_WDI_SI_POV_GINI,_T,_T,_T,0_TO_100,_Z,_Z,_Z,_Z,IX,2,WB_WDI,P1Y,0,A,PU,Annual,Bulgaria,Gini index,Total,All age ranges or no breakdown by age,Total,0-100 scale,Not Applicable,Not Applicable,Not Applicable,Not Applicable,Index,Two,World Development Indicators (WDI),Annual,Units,Normal value,Public,,,,,,,,,,,,,,,,,,,,,,,,,,,23.4,,,30.7,,24.3,32.8,,26.4,,,,32.7,,28.9,,,35.7,36.1,33.6,33.8,35.7,34.3,36.0,36.6,37.4,38.6,40.6,40.4,41.3,40.3,40.5,39.0,38.2,39.5,,
datastructure,WB.DATA360:DS_DATA360(1.3),I,A,CHL,WB_WDI_SI_POV_GINI,_T,_T,_T,0_TO_100,_Z,_Z,_Z,_Z,IX,2,WB_WDI,P1Y,0,A,PU,Annual,Chile,Gini index,Total,All age ranges or no breakdown by age,Total,0-100 scale,Not Applicable,Not Applicable,Not Applicable,Not Applicable,Index,Two,World Development Indicators (WDI),Annual,Units,Normal value,Public,,,,,,,,,,,,,,,,,,,,,,,,,56.2,,,57.2,,54.8,,56.4,,54.9,,55.5,,52.8,,,51.5,,,47.7,,,47.4,,46.9,,46.8,,45.3,,45.3,,,47.0,,43.2,,43.0,
datastructure,WB.DATA360:DS_DATA360(1.3),I,A,HRV,WB_WDI_SI_POV_GINI,_T,_T,_T,0_TO_100,_Z,_Z,_Z,_Z,IX,2,WB_WDI,P1Y,0,A,PU,Annual,Croatia,Gini index,Total,All age ranges or no breakdown by age,Total,0-100 scale,Not Applicable,Not Applicable,Not Applicable,Not Applicable,Index,Two,World Development Indicators (WDI),Annual,Units,Normal value,Public,,,,,,,,,,,,,,,,,,,,,,,,,,22.8,,,,,,,,,,28.7,27.6,31.3,31.1,,,29.7,,,,33.7,32.6,32.4,32.3,32.5,32.0,32.1,31.1,30.9,30.4,29.7,28.9,29.5,28.9,30.0,30.1,,
datastructure,WB.DATA360:DS_DATA360(1.3),I,A,TON,WB_WDI_SI_POV_GINI,_T,_T,_T,0_TO_100,_Z,_Z,_Z,_Z,IX,2,WB_WDI,P1Y,0,A,PU,Annual,Tonga,Gini index,Total,All age ranges or no breakdown by age,Total,0-100 scale,Not Applicable,Not Applicable,Not Applicable,Not Applicable,Index,Two,World Development Indicators (WDI),Annual,Units,Normal value,Public,,,,,,,,,,,,,,,,,,,,,,,,,,,,,,,,,,,,,,37.7,,,,,,,,,37.5,,,,,,33.5,,,,,,27.1,,,,
datastructure,WB.DATA360:DS_DATA360(1.3),I,A,HUN,WB_WDI_SI_POV_GINI,_T,_T,_T,0_TO_100,_Z,_Z,_Z,_Z,IX,2,WB_WDI,P1Y,0,A,PU,Annual,Hungary,Gini index,Total,All age ranges or no breakdown by age,Total,0-100 scale,Not Applicable,Not Applicable,Not Applicable,Not Applicable,Index,Two,World Development Indicators (WDI),Annual,Units,Normal value,Public,,,,,,,,,,,,,,,,,,,,,,,,,20.9,,25.0,,29.6,,27.9,33.3,,,,26.4,30.2,27.2,26.9,26.8,30.9,29.9,34.7,28.3,27.9,27.5,27.0,29.4,29.2,30.8,31.5,30.9,30.4,30.3,30.6,,,,,,,,
datastructure,WB.DATA360:DS_DATA360(1.3),I,A,ARM,WB_WDI_SI_POV_GINI,_T,_T,_T,0_TO_100,_Z,_Z,_Z,_Z,IX,2,WB_WDI,P1Y,0,A,PU,Annual,Armenia,Gini index,Total,All age ranges or no breakdown by age,Total,0-100 scale,Not Applicable,Not Applicable,Not Applicable,Not Applicable,Index,Two,World Development Indicators (WDI),Annual,Units,Normal value,Public,,,,,,,,,,,,,,,,,,,,,,,,,,,,,,,,,,44.4,,,36.2,,35.4,34.8,33.0,37.5,36.0,29.7,31.2,29.2,28.0,30.0,29.4,29.6,30.6,31.5,32.4,32.5,33.6,34.4,30.0,25.1,27.9,27.9,27.2,27.4,
datastructure,WB.DATA360:DS_DATA360(1.3),I,A,PAK,WB_WDI_SI_POV_GINI,_T,_T,_T,0_TO_100,_Z,_Z,_Z,_Z,IX,2,WB_WDI,P1Y,0,A,PU,Annual,Pakistan,Gini index,Total,All age ranges or no breakdown by age,Total,0-100 scale,Not Applicable,Not Applicable,Not Applicable,Not Applicable,Index,Two,World Development Indicators (WDI),Annual,Units,Normal value,Public,,,,,,,,,,,,,,,,,,,,,,,,,33.3,,,33.2,,,,,,28.7,,33.1,,,28.7,,,30.9,31.3,,29.7,,,28.8,29.7,,29.5,,31.3,,,29.6,,,,,,33.5,
datastructure,WB.DATA360:DS_DATA360(1.3),I,A,DEU,WB_WDI_SI_POV_GINI,_T,_T,_T,0_TO_100,_Z,_Z,_Z,_Z,IX,2,WB_WDI,P1Y,0,A,PU,Annual,Germany,Gini index,Total,All age ranges or no breakdown by age,Total,0-100 scale,Not Applicable,Not Applicable,Not Applicable,Not Applicable,Index,Two,World Development Indicators (WDI),Annual,Units,Normal value,Public,,,,,,,,,,,,,,,,,,,,,,,,,,,,,29.3,29.0,28.4,29.1,28.7,28.3,28.2,28.1,29.0,28.7,29.9,29.9,29.9,30.1,31.6,31.0,31.2,30.6,30.4,30.2,30.4,30.9,31.4,30.8,31.4,31.3,31.3,31.9,32.2,32.5,33.6,33.7,,,
datastructure,WB.DATA360:DS_DATA360(1.3),I,A,QAT,WB_WDI_SI_POV_GINI,_T,_T,_T,0_TO_100,_Z,_Z,_Z,_Z,IX,2,WB_WDI,P1Y,0,A,PU,Annual,Qatar,Gini index,Total,All age ranges or no breakdown by age,Total,0-100 scale,Not Applicable,Not Applicable,Not Applicable,Not Applicable,Index,Two,World Development Indicators (WDI),Annual,Units,Normal value,Public,,,,,,,,,,,,,,,,,,,,,,,,,,,,,,,,,,,,,,,,,,,,,,,,,,,,,,,35.1,,,,,,,,
datastructure,WB.DATA360:DS_DATA360(1.3),I,A,ROU,WB_WDI_SI_POV_GINI,_T,_T,_T,0_TO_100,_Z,_Z,_Z,_Z,IX,2,WB_WDI,P1Y,0,A,PU,Annual,Romania,Gini index,Total,All age ranges or no breakdown by age,Total,0-100 scale,Not Applicable,Not Applicable,Not Applicable,Not Applicable,Index,Two,World Development Indicators (WDI),Annual,Units,Normal value,Public,,,,,,,,,,,,,,,,,,,,,,,,,,,23.3,,,25.5,,28.2,31.2,,30.5,31.1,29.4,29.3,29.4,30.2,29.9,30.0,29.8,39.6,37.5,36.4,35.6,35.5,35.9,36.5,36.9,36.0,35.9,34.4,36.0,35.8,34.8,34.6,33.9,32.3,29.8,,
datastructure,WB.DATA360:DS_DATA360(1.3),I,A,VNM,WB_WDI_SI_POV_GINI,_T,_T,_T,0_TO_100,_Z,_Z,_Z,_Z,IX,2,WB_WDI,P1Y,0,A,PU,Annual,Vietnam,Gini index,Total,All age ranges or no breakdown by age,Total,0-100 scale,Not Applicable,Not Applicable,Not Applicable,Not Applicable,Index,Two,World Development Indicators (WDI),Annual,Units,Normal value,Public,,,,,,,,,,,,,,,,,,,,,,,,,,,,,,35.7,,,,,35.4,,,,,37.0,,36.8,,35.8,,35.6,,39.3,,35.6,,34.8,,35.3,,35.7,,36.8,,36.1,,,
datastructure,WB.DATA360:DS_DATA360(1.3),I,A,ZAF,WB_WDI_SI_POV_GINI,_T,_T,_T,0_TO_100,_Z,_Z,_Z,_Z,IX,2,WB_WDI,P1Y,0,A,PU,Annual,South Africa,Gini index,Total,All age ranges or no breakdown by age,Total,0-100 scale,Not Applicable,Not Applicable,Not Applicable,Not Applicable,Index,Two,World Development Indicators (WDI),Annual,Units,Normal value,Public,,,,,,,,,,,,,,,,,,,,,,,,,,,,,,,59.3,,,,,,,57.8,,,,,65.0,,,62.5,,60.9,,,,59.6,,,,,,,,54.1,,,
datastructure,WB.DATA360:DS_DATA360(1.3),I,A,GTM,WB_WDI_SI_POV_GINI,_T,_T,_T,0_TO_100,_Z,_Z,_Z,_Z,IX,2,WB_WDI,P1Y,0,A,PU,Annual,Guatemala,Gini index,Total,All age ranges or no breakdown by age,Total,0-100 scale,Not Applicable,Not Applicable,Not Applicable,Not Applicable,Index,Two,World Development Indicators (WDI),Annual,Units,Normal value,Public,,,,,,,,,,,,,,,,,,,,,,,,54.1,,,58.8,,,,,,,,,49.4,,54.2,,,,,,54.5,,,,,,,,48.3,,,,,,,,,45.2,,
datastructure,WB.DATA360:DS_DATA360(1.3),I,A,AUT,WB_WDI_SI_POV_GINI,_T,_T,_T,0_TO_100,_Z,_Z,_Z,_Z,IX,2,WB_WDI,P1Y,0,A,PU,Annual,Austria,Gini index,Total,All age ranges or no breakdown by age,Total,0-100 scale,Not Applicable,Not Applicable,Not Applicable,Not Applicable,Index,Two,World Development Indicators (WDI),Annual,Units,Normal value,Public,,,,,,,,,,,,,,,,,,,,,,,,,,,,,,,,30.8,29.9,29.3,29.1,31.3,29.7,29.0,,,29.5,29.8,28.7,29.6,30.6,30.4,31.5,30.3,30.8,30.5,30.8,30.5,30.5,30.8,29.7,30.8,30.2,29.8,30.7,30.9,31.2,,
datastructure,WB.DATA360:DS_DATA360(1.3),I,A,BRA,WB_WDI_SI_POV_GINI,_T,_T,_T,0_TO_100,_Z,_Z,_Z,_Z,IX,2,WB_WDI,P1Y,0,A,PU,Annual,Brazil,Gini index,Total,All age ranges or no breakdown by age,Total,0-100 scale,Not Applicable,Not Applicable,Not Applicable,Not Applicable,Index,Two,World Development Indicators (WDI),Annual,Units,Normal value,Public,,,,,,,,,,,,,,,,,,,57.9,58.4,58.9,58.3,55.5,58.4,59.6,61.4,63.2,60.5,,53.1,60.1,,59.5,59.8,59.8,59.6,59.0,,58.4,58.1,57.6,56.5,56.3,55.6,54.9,54.0,53.7,,52.9,53.4,52.7,52.1,51.9,53.4,53.3,53.9,53.5,48.8,52.9,51.9,51.5,50.3,
datastructure,WB.DATA360:DS_DATA360(1.3),I,A,CZE,WB_WDI_SI_POV_GINI,_T,_T,_T,0_TO_100,_Z,_Z,_Z,_Z,IX,2,WB_WDI,P1Y,0,A,PU,Annual,Czechia,Gini index,Total,All age ranges or no breakdown by age,Total,0-100 scale,Not Applicable,Not Applicable,Not Applicable,Not Applicable,Index,Two,World Development Indicators (WDI),Annual,Units,Normal value,Public,,,,,,,,,,,,,,,,,,,,,,,,,,,,,,20.7,26.6,,,25.8,,,,,,26.6,,27.5,26.9,26.7,26.0,26.3,26.2,26.6,26.4,26.1,26.5,25.9,25.9,25.4,24.9,25.0,25.3,26.2,26.2,25.9,25.7,,
datastructure,WB.DATA360:DS_DATA360(1.3),I,A,LSO,WB_WDI_SI_POV_GINI,_T,_T,_T,0_TO_100,_Z,_Z,_Z,_Z,IX,2,WB_WDI,P1Y,0,A,PU,Annual,Lesotho,Gini index,Total,All age ranges or no breakdown by age,Total,0-100 scale,Not Applicable,Not Applicable,Not Applicable,Not Applicable,Index,Two,World Development Indicators (WDI),Annual,Units,Normal value,Public,,,,,,,,,,,,,,,,,,,,,,,,56.0,,,,,,,,63.0,,,,,,,,51.2,,,,,,,,,,,,,,,44.9,,,,,,,,
datastructure,WB.DATA360:DS_DATA360(1.3),I,A,VEN,WB_WDI_SI_POV_GINI,_T,_T,_T,0_TO_100,_Z,_Z,_Z,_Z,IX,2,WB_WDI,P1Y,0,A,PU,Annual,"Venezuela, RB",Gini index,Total,All age ranges or no breakdown by age,Total,0-100 scale,Not Applicable,Not Applicable,Not Applicable,Not Applicable,Index,Two,World Development Indicators (WDI),Annual,Units,Normal value,Public,,,,,,,,,,,,,,,,,,,55.6,,,,,,53.4,,43.8,,,42.1,,,47.2,,,48.0,47.7,,47.2,48.9,47.9,47.3,49.3,44.7,,,,,,,,,,,,,,,,,,,
datastructure,WB.DATA360:DS_DATA360(1.3),I,A,JAM,WB_WDI_SI_POV_GINI,_T,_T,_T,0_TO_100,_Z,_Z,_Z,_Z,IX,2,WB_WDI,P1Y,0,A,PU,Annual,Jamaica,Gini index,Total,All age ranges or no breakdown by age,Total,0-100 scale,Not Applicable,Not Applicable,Not Applicable,Not Applicable,Index,Two,World Development Indicators (WDI),Annual,Units,Normal value,Public,,,,,,,,,,,,,,,,,,,,,,,,,,43.2,,41.1,,,35.7,,,40.4,,,44.1,,,48.3,,45.5,,,,,,,,,,,,,,35.3,,,39.9,,,,
datastructure,WB.DATA360:DS_DATA360(1.3),I,A,SVN,WB_WDI_SI_POV_GINI,_T,_T,_T,0_TO_100,_Z,_Z,_Z,_Z,IX,2,WB_WDI,P1Y,0,A,PU,Annual,Slovenia,Gini index,Total,All age ranges or no breakdown by age,Total,0-100 scale,Not Applicable,Not Applicable,Not Applicable,Not Applicable,Index,Two,World Development Indicators (WDI),Annual,Units,Normal value,Public,,,,,,,,,,,,,,,,,,,,,,,,,23.6,,,,,,29.1,,,,24.1,28.4,24.0,,,29.1,30.9,24.8,24.6,24.4,24.4,23.7,24.8,24.9,24.9,25.6,26.2,25.7,25.4,24.8,24.2,24.6,24.4,24.0,24.3,24.3,24.7,,
datastructure,WB.DATA360:DS_DATA360(1.3),I,A,IDN,WB_WDI_SI_POV_GINI,_T,_T,_T,0_TO_100,_Z,_Z,_Z,_Z,IX,2,WB_WDI,P1Y,0,A,PU,Annual,Indonesia,Gini index,Total,All age ranges or no breakdown by age,Total,0-100 scale,Not Applicable,Not Applicable,Not Applicable,Not Applicable,Index,Two,World Development Indicators (WDI),Annual,Units,Normal value,Public,,,,,,,,,,,,,,,,,,,,,,32.3,,,30.4,,,31.1,,,31.8,,,34.2,,30.9,30.8,30.3,31.2,30.2,29.3,30.4,29.9,31.5,33.2,32.6,33.4,34.6,37.9,37.1,38.9,38.8,38.2,36.9,36.4,36.3,35.4,35.3,35.5,35.5,36.1,34.9,34.4
datastructure,WB.DATA360:DS_DATA360(1.3),I,A,KGZ,WB_WDI_SI_POV_GINI,_T,_T,_T,0_TO_100,_Z,_Z,_Z,_Z,IX,2,WB_WDI,P1Y,0,A,PU,Annual,Kyrgyz Republic,Gini index,Total,All age ranges or no breakdown by age,Total,0-100 scale,Not Applicable,Not Applicable,Not Applicable,Not Applicable,Index,Two,World Development Indicators (WDI),Annual,Units,Normal value,Public,,,,,,,,,,,,,,,,,,,,,,,,,,,,,,,,,,,,46.3,,31.0,30.2,30.3,28.7,34.8,32.6,37.4,33.9,31.5,29.9,30.1,27.8,27.4,28.8,26.8,29.0,26.8,27.3,27.7,29.7,29.0,28.8,26.4,27.2,27.5,
datastructure,WB.DATA360:DS_DATA360(1.3),I,A,MDA,WB_WDI_SI_POV_GINI,_T,_T,_T,0_TO_100,_Z,_Z,_Z,_Z,IX,2,WB_WDI,P1Y,0,A,PU,Annual,Moldova,Gini index,Total,All age ranges or no breakdown by age,Total,0-100 scale,Not Applicable,Not Applicable,Not Applicable,Not Applicable,Index,Two,World Development Indicators (WDI),Annual,Units,Normal value,Public,,,,,,,,,,,,,,,,,,,,,,,,,,,,,,,,,,,36.9,39.5,42.6,36.4,38.0,35.8,34.9,35.0,36.3,35.4,34.4,34.7,32.9,32.1,30.6,29.2,28.5,26.8,27.0,26.3,25.9,25.7,26.0,25.0,25.7,25.9,26.8,,
datastructure,WB.DATA360:DS_DATA360(1.3),I,A,GBR,WB_WDI_SI_POV_GINI,_T,_T,_T,0_TO_100,_Z,_Z,_Z,_Z,IX,2,WB_WDI,P1Y,0,A,PU,Annual,United Kingdom,Gini index,Total,All age ranges or no breakdown by age,Total,0-100 scale,Not Applicable,Not Applicable,Not Applicable,Not Applicable,Index,Two,World Development Indicators (WDI),Annual,Units,Normal value,Public,,,,,,26.8,27.9,28.0,29.3,28.8,28.8,29.0,27.9,27.6,27.1,27.2,27.4,28.5,29.7,29.9,29.8,29.2,30.4,31.9,33.9,34.3,33.4,35.7,35.0,35.0,35.1,36.0,35.5,35.3,35.7,36.6,36.8,38.9,37.1,35.1,34.9,34.8,35.5,35.9,34.4,35.4,35.1,33.7,33.2,33.1,32.7,33.1,33.3,33.1,32.6,33.7,32.8,32.7,32.4,,,,
datastructure,WB.DATA360:DS_DATA360(1.3),I,A,BLZ,WB_WDI_SI_POV_GINI,_T,_T,_T,0_TO_100,_Z,_Z,_Z,_Z,IX,2,WB_WDI,P1Y,0,A,PU,Annual,Belize,Gini index,Total,All age ranges or no breakdown by age,Total,0-100 scale,Not Applicable,Not Applicable,Not Applicable,Not Applicable,Index,Two,World Development Indicators (WDI),Annual,Units,Normal value,Public,,,,,,,,,,,,,,,,,,,,,,,,,,,,,,,60.2,60.9,57.5,56.6,60.4,54.9,53.2,,,,,,,,,,,,,,,,,,,39.9,,,,,,,
datastructure,WB.DATA360:DS_DATA360(1.3),I,A,DJI,WB_WDI_SI_POV_GINI,_T,_T,_T,0_TO_100,_Z,_Z,_Z,_Z,IX,2,WB_WDI,P1Y,0,A,PU,Annual,Djibouti,Gini index,Total,All age ranges or no breakdown by age,Total,0-100 scale,Not Applicable,Not Applicable,Not Applicable,Not Applicable,Index,Two,World Development Indicators (WDI),Annual,Units,Normal value,Public,,,,,,,,,,,,,,,,,,,,,,,,,,,,,,,,,,,,,,,,40.0,,,,,,,,,,45.1,44.1,,,,41.6,,,,,,,,
datastructure,WB.DATA360:DS_DATA360(1.3),I,A,PHL,WB_WDI_SI_POV_GINI,_T,_T,_T,0_TO_100,_Z,_Z,_Z,_Z,IX,2,WB_WDI,P1Y,0,A,PU,Annual,Philippines,Gini index,Total,All age ranges or no breakdown by age,Total,0-100 scale,Not Applicable,Not Applicable,Not Applicable,Not Applicable,Index,Two,World Development Indicators (WDI),Annual,Units,Normal value,Public,,,,,,,,,,,,,,,,,,,,,,,41.0,,,40.7,,,43.8,,,42.9,,,46.0,,,47.7,,,46.6,,,47.2,,,46.3,,,46.5,,,44.6,,,42.3,,,40.7,,39.3,,
datastructure,WB.DATA360:DS_DATA360(1.3),I,A,KOR,WB_WDI_SI_POV_GINI,_T,_T,_T,0_TO_100,_Z,_Z,_Z,_Z,IX,2,WB_WDI,P1Y,0,A,PU,Annual,"Korea, Rep.",Gini index,Total,All age ranges or no breakdown by age,Total,0-100 scale,Not Applicable,Not Applicable,Not Applicable,Not Applicable,Index,Two,World Development Indicators (WDI),Annual,Units,Normal value,Public,,,,,,,,,,,,,,,,,,,,,,,,,,,,,,,,,,,,,,,,,,,,31.7,,32.3,,32.0,,31.6,,31.2,,35.2,34.9,33.7,33.2,32.7,32.9,,,,
datastructure,WB.DATA360:DS_DATA360(1.3),I,A,KIR,WB_WDI_SI_POV_GINI,_T,_T,_T,0_TO_100,_Z,_Z,_Z,_Z,IX,2,WB_WDI,P1Y,0,A,PU,Annual,Kiribati,Gini index,Total,All age ranges or no breakdown by age,Total,0-100 scale,Not Applicable,Not Applicable,Not Applicable,Not Applicable,Index,Two,World Development Indicators (WDI),Annual,Units,Normal value,Public,,,,,,,,,,,,,,,,,,,,,,,,,,,,,,,,,,,,,,,,,,,,37.0,,,,,,,,,,,,,27.8,,,,24.7,,
datastructure,WB.DATA360:DS_DATA360(1.3),I,A,MAR,WB_WDI_SI_POV_GINI,_T,_T,_T,0_TO_100,_Z,_Z,_Z,_Z,IX,2,WB_WDI,P1Y,0,A,PU,Annual,Morocco,Gini index,Total,All age ranges or no breakdown by age,Total,0-100 scale,Not Applicable,Not Applicable,Not Applicable,Not Applicable,Index,Two,World Development Indicators (WDI),Annual,Units,Normal value,Public,,,,,,,,,,,,,,,,,,,,,,36.5,,,,,,39.2,,,,,,,,39.4,,40.6,,,,,,40.7,,,,,,,39.5,,,,,,,,,,,,
datastructure,WB.DATA360:DS_DATA360(1.3),I,A,YEM,WB_WDI_SI_POV_GINI,_T,_T,_T,0_TO_100,_Z,_Z,_Z,_Z,IX,2,WB_WDI,P1Y,0,A,PU,Annual,"Yemen, Rep.",Gini index,Total,All age ranges or no breakdown by age,Total,0-100 scale,Not Applicable,Not Applicable,Not Applicable,Not Applicable,Index,Two,World Development Indicators (WDI),Annual,Units,Normal value,Public,,,,,,,,,,,,,,,,,,,,,,,,,,,,,,,,,,,,35.0,,,,,,,34.7,,,,,,,,,36.7,,,,,,,,,,,
datastructure,WB.DATA360:DS_DATA360(1.3),I,A,BOL,WB_WDI_SI_POV_GINI,_T,_T,_T,0_TO_100,_Z,_Z,_Z,_Z,IX,2,WB_WDI,P1Y,0,A,PU,Annual,Bolivia,Gini index,Total,All age ranges or no breakdown by age,Total,0-100 scale,Not Applicable,Not Applicable,Not Applicable,Not Applicable,Index,Two,World Development Indicators (WDI),Annual,Units,Normal value,Public,,,,,,,,,,,,,,,,,,,,,,,,,,,,42.0,,49.1,,,,,58.1,,58.0,61.6,57.4,59.3,,55.0,58.5,56.7,54.5,50.8,49.2,,46.1,46.6,47.6,47.8,46.7,45.2,44.6,42.6,41.6,43.6,40.9,41.2,42.1,40.9,
datastructure,WB.DATA360:DS_DATA360(1.3),I,A,CIV,WB_WDI_SI_POV_GINI,_T,_T,_T,0_TO_100,_Z,_Z,_Z,_Z,IX,2,WB_WDI,P1Y,0,A,PU,Annual,Côte d’Ivoire,Gini index,Total,All age ranges or no breakdown by age,Total,0-100 scale,Not Applicable,Not Applicable,Not Applicable,Not Applicable,Index,Two,World Development Indicators (WDI),Annual,Units,Normal value,Public,,,,,,,,,,,,,,,,,,,,,,,45.5,38.0,40.5,36.9,,,,39.4,,,40.6,,,39.0,,,,41.3,,,,,,43.2,,,,,,,41.5,,,37.2,,,35.3,,,,
datastructure,WB.DATA360:DS_DATA360(1.3),I,A,PRY,WB_WDI_SI_POV_GINI,_T,_T,_T,0_TO_100,_Z,_Z,_Z,_Z,IX,2,WB_WDI,P1Y,0,A,PU,Annual,Paraguay,Gini index,Total,All age ranges or no breakdown by age,Total,0-100 scale,Not Applicable,Not Applicable,Not Applicable,Not Applicable,Index,Two,World Development Indicators (WDI),Annual,Units,Normal value,Public,,,,,,,,,,,,,,,,,,,,,,,,,,,,40.8,,,,,58.1,,54.9,,54.6,,54.6,57.3,54.9,52.3,51.4,53.0,53.0,50.7,49.1,51.0,52.3,47.6,47.9,50.7,47.6,47.9,48.5,46.0,45.7,43.5,42.9,44.6,44.2,44.2,
datastructure,WB.DATA360:DS_DATA360(1.3),I,A,MMR,WB_WDI_SI_POV_GINI,_T,_T,_T,0_TO_100,_Z,_Z,_Z,_Z,IX,2,WB_WDI,P1Y,0,A,PU,Annual,Myanmar,Gini index,Total,All age ranges or no breakdown by age,Total,0-100 scale,Not Applicable,Not Applicable,Not Applicable,Not Applicable,Index,Two,World Development Indicators (WDI),Annual,Units,Normal value,Public,,,,,,,,,,,,,,,,,,,,,,,,,,,,,,,,,,,,,,,,,,,,,,,,,,,,,38.1,,30.7,,,,,,,,
datastructure,WB.DATA360:DS_DATA360(1.3),I,A,NPL,WB_WDI_SI_POV_GINI,_T,_T,_T,0_TO_100,_Z,_Z,_Z,_Z,IX,2,WB_WDI,P1Y,0,A,PU,Annual,Nepal,Gini index,Total,All age ranges or no breakdown by age,Total,0-100 scale,Not Applicable,Not Applicable,Not Applicable,Not Applicable,Index,Two,World Development Indicators (WDI),Annual,Units,Normal value,Public,,,,,,,,,,,,,,,,,,,,,,30.1,,,,,,,,,,,35.2,,,,,,,,43.8,,,,,,,32.8,,,,,,,,,,,,30.0,,,
datastructure,WB.DATA360:DS_DATA360(1.3),I,A,TTO,WB_WDI_SI_POV_GINI,_T,_T,_T,0_TO_100,_Z,_Z,_Z,_Z,IX,2,WB_WDI,P1Y,0,A,PU,Annual,Trinidad and Tobago,Gini index,Total,All age ranges or no breakdown by age,Total,0-100 scale,Not Applicable,Not Applicable,Not Applicable,Not Applicable,Index,Two,World Development Indicators (WDI),Annual,Units,Normal value,Public,,,,,,,,,,,,,,,,,,,,,,,,,,42.6,,,,40.2,,,,,,,,,,,,,,,,,,,,,,,,,,,,,,,,,
datastructure,WB.DATA360:DS_DATA360(1.3),I,A,EGY,WB_WDI_SI_POV_GINI,_T,_T,_T,0_TO_100,_Z,_Z,_Z,_Z,IX,2,WB_WDI,P1Y,0,A,PU,Annual,"Egypt, Arab Rep.",Gini index,Total,All age ranges or no breakdown by age,Total,0-100 scale,Not Applicable,Not Applicable,Not Applicable,Not Applicable,Index,Two,World Development Indicators (WDI),Annual,Units,Normal value,Public,,,,,,,,,,,,,,,,,,,,,,,,,,,,32.0,,,,,30.1,,,,30.8,,,,,31.8,,,,31.1,,30.2,,28.3,,,31.8,,31.5,,31.9,,28.5,,,,
datastructure,WB.DATA360:DS_DATA360(1.3),I,A,BDI,WB_WDI_SI_POV_GINI,_T,_T,_T,0_TO_100,_Z,_Z,_Z,_Z,IX,2,WB_WDI,P1Y,0,A,PU,Annual,Burundi,Gini index,Total,All age ranges or no breakdown by age,Total,0-100 scale,Not Applicable,Not Applicable,Not Applicable,Not Applicable,Index,Two,World Development Indicators (WDI),Annual,Units,Normal value,Public,,,,,,,,,,,,,,,,,,,,,,,,,,,,,,33.3,,,,,,42.1,,,,,,,,33.4,,,,,,,38.6,,,,,,,37.5,,,,,
datastructure,WB.DATA360:DS_DATA360(1.3),I,A,LBR,WB_WDI_SI_POV_GINI,_T,_T,_T,0_TO_100,_Z,_Z,_Z,_Z,IX,2,WB_WDI,P1Y,0,A,PU,Annual,Liberia,Gini index,Total,All age ranges or no breakdown by age,Total,0-100 scale,Not Applicable,Not Applicable,Not Applicable,Not Applicable,Index,Two,World Development Indicators (WDI),Annual,Units,Normal value,Public,,,,,,,,,,,,,,,,,,,,,,,,,,,,,,,,,,,,,,,,,,,,,36.4,,,,,,,33.2,,35.3,,,,,,,,,
datastructure,WB.DATA360:DS_DATA360(1.3),I,A,ZWE,WB_WDI_SI_POV_GINI,_T,_T,_T,0_TO_100,_Z,_Z,_Z,_Z,IX,2,WB_WDI,P1Y,0,A,PU,Annual,Zimbabwe,Gini index,Total,All age ranges or no breakdown by age,Total,0-100 scale,Not Applicable,Not Applicable,Not Applicable,Not Applicable,Index,Two,World Development Indicators (WDI),Annual,Units,Normal value,Public,,,,,,,,,,,,,,,,,,,,,,,,,,,,,,,,,,,,,,,,,,,,,,,,,43.2,,,,,,44.3,,50.3,,,,,,
datastructure,WB.DATA360:DS_DATA360(1.3),I,A,SVK,WB_WDI_SI_POV_GINI,_T,_T,_T,0_TO_100,_Z,_Z,_Z,_Z,IX,2,WB_WDI,P1Y,0,A,PU,Annual,Slovak Republic,Gini index,Total,All age ranges or no breakdown by age,Total,0-100 scale,Not Applicable,Not Applicable,Not Applicable,Not Applicable,Index,Two,World Development Indicators (WDI),Annual,Units,Normal value,Public,,,,,,,,,,,,,,,,,,,,,,,,,,,,,,20.2,,,,26.3,,,,,,,,27.1,29.3,25.8,24.7,26.0,27.2,27.3,26.5,26.1,28.1,26.1,26.5,25.2,23.2,25.0,23.2,24.2,24.1,24.1,23.8,,
datastructure,WB.DATA360:DS_DATA360(1.3),I,A,LVA,WB_WDI_SI_POV_GINI,_T,_T,_T,0_TO_100,_Z,_Z,_Z,_Z,IX,2,WB_WDI,P1Y,0,A,PU,Annual,Latvia,Gini index,Total,All age ranges or no breakdown by age,Total,0-100 scale,Not Applicable,Not Applicable,Not Applicable,Not Applicable,Index,Two,World Development Indicators (WDI),Annual,Units,Normal value,Public,,,,,,,,,,,,,,,,,,,,,,,,,,,,,,,27.0,,31.0,31.6,34.4,33.3,,,,35.1,36.5,36.4,39.0,35.6,37.5,37.2,35.9,35.0,35.8,35.2,35.5,35.1,34.2,34.3,35.6,35.1,34.5,35.7,34.3,33.7,34.0,,
datastructure,WB.DATA360:DS_DATA360(1.3),I,A,DOM,WB_WDI_SI_POV_GINI,_T,_T,_T,0_TO_100,_Z,_Z,_Z,_Z,IX,2,WB_WDI,P1Y,0,A,PU,Annual,Dominican Republic,Gini index,Total,All age ranges or no breakdown by age,Total,0-100 scale,Not Applicable,Not Applicable,Not Applicable,Not Applicable,Index,Two,World Development Indicators (WDI),Annual,Units,Normal value,Public,,,,,,,,,,,,,,,,,,,,,,,,47.8,,,50.4,,,51.1,,,,47.4,48.9,,,51.5,50.0,49.7,52.1,52.1,50.0,52.0,48.9,48.1,48.9,47.3,47.7,46.1,47.7,44.3,45.2,45.7,42.2,43.7,41.9,39.6,38.5,37.0,38.4,39.0,
datastructure,WB.DATA360:DS_DATA360(1.3),I,A,LAO,WB_WDI_SI_POV_GINI,_T,_T,_T,0_TO_100,_Z,_Z,_Z,_Z,IX,2,WB_WDI,P1Y,0,A,PU,Annual,Lao PDR,Gini index,Total,All age ranges or no breakdown by age,Total,0-100 scale,Not Applicable,Not Applicable,Not Applicable,Not Applicable,Index,Two,World Development Indicators (WDI),Annual,Units,Normal value,Public,,,,,,,,,,,,,,,,,,,,,,,,,,,,,,34.3,,,,,34.9,,,,,32.6,,,,,35.4,,,,,36.0,,,,,,38.8,,,,,,34.7,
datastructure,WB.DATA360:DS_DATA360(1.3),I,A,ARE,WB_WDI_SI_POV_GINI,_T,_T,_T,0_TO_100,_Z,_Z,_Z,_Z,IX,2,WB_WDI,P1Y,0,A,PU,Annual,United Arab Emirates,Gini index,Total,All age ranges or no breakdown by age,Total,0-100 scale,Not Applicable,Not Applicable,Not Applicable,Not Applicable,Index,Two,World Development Indicators (WDI),Annual,Units,Normal value,Public,,,,,,,,,,,,,,,,,,,,,,,,,,,,,,,,,,,,,,,,,,,,,,,,,,,32.5,,,,,26.4,,,,,,,
datastructure,WB.DATA360:DS_DATA360(1.3),I,A,THA,WB_WDI_SI_POV_GINI,_T,_T,_T,0_TO_100,_Z,_Z,_Z,_Z,IX,2,WB_WDI,P1Y,0,A,PU,Annual,Thailand,Gini index,Total,All age ranges or no breakdown by age,Total,0-100 scale,Not Applicable,Not Applicable,Not Applicable,Not Applicable,Index,Two,World Development Indicators (WDI),Annual,Units,Normal value,Public,,,,,,,,,,,,,,,,,,,45.2,,,,,,,43.8,,45.3,,47.9,,43.5,,42.9,,41.5,43.1,42.8,,41.9,,42.5,,41.8,39.8,40.3,39.6,39.4,37.5,39.3,37.8,37.0,36.0,36.7,36.4,36.4,34.9,35.0,34.9,34.3,33.5,33.3,
datastructure,WB.DATA360:DS_DATA360(1.3),I,A,PRT,WB_WDI_SI_POV_GINI,_T,_T,_T,0_TO_100,_Z,_Z,_Z,_Z,IX,2,WB_WDI,P1Y,0,A,PU,Annual,Portugal,Gini index,Total,All age ranges or no breakdown by age,Total,0-100 scale,Not Applicable,Not Applicable,Not Applicable,Not Applicable,Index,Two,World Development Indicators (WDI),Annual,Units,Normal value,Public,,,,,,,,,,,,,,,,,,,,,,,,,,,,,,,,,,,,,,,,,38.8,38.9,38.5,38.1,36.8,36.6,34.9,35.8,36.3,36.0,36.2,35.6,35.5,35.2,33.8,33.5,32.8,34.7,34.6,36.3,33.9,,
datastructure,WB.DATA360:DS_DATA360(1.3),I,A,SEN,WB_WDI_SI_POV_GINI,_T,_T,_T,0_TO_100,_Z,_Z,_Z,_Z,IX,2,WB_WDI,P1Y,0,A,PU,Annual,Senegal,Gini index,Total,All age ranges or no breakdown by age,Total,0-100 scale,Not Applicable,Not Applicable,Not Applicable,Not Applicable,Index,Two,World Development Indicators (WDI),Annual,Units,Normal value,Public,,,,,,,,,,,,,,,,,,,,,,,,,,,,,54.0,,,39.2,,,,,,,41.2,,,,39.2,,,,,,40.3,,,,,,,38.3,,,36.2,,,,
datastructure,WB.DATA360:DS_DATA360(1.3),I,A,BRB,WB_WDI_SI_POV_GINI,_T,_T,_T,0_TO_100,_Z,_Z,_Z,_Z,IX,2,WB_WDI,P1Y,0,A,PU,Annual,Barbados,Gini index,Total,All age ranges or no breakdown by age,Total,0-100 scale,Not Applicable,Not Applicable,Not Applicable,Not Applicable,Index,Two,World Development Indicators (WDI),Annual,Units,Normal value,Public,,,,,,,,,,,,,,,,,,,,,,,,,,,,,,,,,,,,,,,,,,,,,,,,,,,,,,34.1,,,,,,,,,
datastructure,WB.DATA360:DS_DATA360(1.3),I,A,COG,WB_WDI_SI_POV_GINI,_T,_T,_T,0_TO_100,_Z,_Z,_Z,_Z,IX,2,WB_WDI,P1Y,0,A,PU,Annual,"Congo, Rep.",Gini index,Total,All age ranges or no breakdown by age,Total,0-100 scale,Not Applicable,Not Applicable,Not Applicable,Not Applicable,Index,Two,World Development Indicators (WDI),Annual,Units,Normal value,Public,,,,,,,,,,,,,,,,,,,,,,,,,,,,,,,,,,,,,,,,,,,47.3,,,,,,48.9,,,,,,,,,,,,,,
datastructure,WB.DATA360:DS_DATA360(1.3),I,A,TUV,WB_WDI_SI_POV_GINI,_T,_T,_T,0_TO_100,_Z,_Z,_Z,_Z,IX,2,WB_WDI,P1Y,0,A,PU,Annual,Tuvalu,Gini index,Total,All age ranges or no breakdown by age,Total,0-100 scale,Not Applicable,Not Applicable,Not Applicable,Not Applicable,Index,Two,World Development Indicators (WDI),Annual,Units,Normal value,Public,,,,,,,,,,,,,,,,,,,,,,,,,,,,,,,,,,,,,,,,,,,,,,,,39.1,,,,,,,,,,,,,,,
datastructure,WB.DATA360:DS_DATA360(1.3),I,A,DNK,WB_WDI_SI_POV_GINI,_T,_T,_T,0_TO_100,_Z,_Z,_Z,_Z,IX,2,WB_WDI,P1Y,0,A,PU,Annual,Denmark,Gini index,Total,All age ranges or no breakdown by age,Total,0-100 scale,Not Applicable,Not Applicable,Not Applicable,Not Applicable,Index,Two,World Development Indicators (WDI),Annual,Units,Normal value,Public,,,,,,,,,,,,,,,,,,,,,,,,,26.2,,,,,24.7,,,23.0,,,,,23.8,,,25.6,24.9,25.2,25.9,26.2,25.2,26.7,27.2,27.3,27.8,28.5,28.4,28.2,28.2,28.7,28.2,27.7,27.5,28.3,29.3,29.9,,
datastructure,WB.DATA360:DS_DATA360(1.3),I,A,NRU,WB_WDI_SI_POV_GINI,_T,_T,_T,0_TO_100,_Z,_Z,_Z,_Z,IX,2,WB_WDI,P1Y,0,A,PU,Annual,Nauru,Gini index,Total,All age ranges or no breakdown by age,Total,0-100 scale,Not Applicable,Not Applicable,Not Applicable,Not Applicable,Index,Two,World Development Indicators (WDI),Annual,Units,Normal value,Public,,,,,,,,,,,,,,,,,,,,,,,,,,,,,,,,,,,,,,,,,,,,,,,,,,32.4,,,,,,,,,,,,,
datastructure,WB.DATA360:DS_DATA360(1.3),I,A,TUN,WB_WDI_SI_POV_GINI,_T,_T,_T,0_TO_100,_Z,_Z,_Z,_Z,IX,2,WB_WDI,P1Y,0,A,PU,Annual,Tunisia,Gini index,Total,All age ranges or no breakdown by age,Total,0-100 scale,Not Applicable,Not Applicable,Not Applicable,Not Applicable,Index,Two,World Development Indicators (WDI),Annual,Units,Normal value,Public,,,,,,,,,,,,,,,,,,,,,,,43.4,,,,,40.1,,,,,41.7,,,,,40.8,,,,,37.7,,,,,38.5,,,,,32.8,,,,,,33.7,,,,
datastructure,WB.DATA360:DS_DATA360(1.3),I,A,BEN,WB_WDI_SI_POV_GINI,_T,_T,_T,0_TO_100,_Z,_Z,_Z,_Z,IX,2,WB_WDI,P1Y,0,A,PU,Annual,Benin,Gini index,Total,All age ranges or no breakdown by age,Total,0-100 scale,Not Applicable,Not Applicable,Not Applicable,Not Applicable,Index,Two,World Development Indicators (WDI),Annual,Units,Normal value,Public,,,,,,,,,,,,,,,,,,,,,,,,,,,,,,,,,,,,,,,,,38.6,,,,,,,,43.4,,,,47.6,,,37.9,,,34.4,,,,
datastructure,WB.DATA360:DS_DATA360(1.3),I,A,COD,WB_WDI_SI_POV_GINI,_T,_T,_T,0_TO_100,_Z,_Z,_Z,_Z,IX,2,WB_WDI,P1Y,0,A,PU,Annual,"Congo, Dem. Rep.",Gini index,Total,All age ranges or no breakdown by age,Total,0-100 scale,Not Applicable,Not Applicable,Not Applicable,Not Applicable,Index,Two,World Development Indicators (WDI),Annual,Units,Normal value,Public,,,,,,,,,,,,,,,,,,,,,,,,,,,,,,,,,,,,,,,,,,41.6,,,,,,,,42.1,,,,,,,,44.7,,,,,
datastructure,WB.DATA360:DS_DATA360(1.3),I,A,MOZ,WB_WDI_SI_POV_GINI,_T,_T,_T,0_TO_100,_Z,_Z,_Z,_Z,IX,2,WB_WDI,P1Y,0,A,PU,Annual,Mozambique,Gini index,Total,All age ranges or no breakdown by age,Total,0-100 scale,Not Applicable,Not Applicable,Not Applicable,Not Applicable,Index,Two,World Development Indicators (WDI),Annual,Units,Normal value,Public,,,,,,,,,,,,,,,,,,,,,,,,,,,,,,,,,,53.3,,,,,,46.9,,,,,,45.5,,,,,,54.0,,,,,50.7,,,49.6,,,
datastructure,WB.DATA360:DS_DATA360(1.3),I,A,GNQ,WB_WDI_SI_POV_GINI,_T,_T,_T,0_TO_100,_Z,_Z,_Z,_Z,IX,2,WB_WDI,P1Y,0,A,PU,Annual,Equatorial Guinea,Gini index,Total,All age ranges or no breakdown by age,Total,0-100 scale,Not Applicable,Not Applicable,Not Applicable,Not Applicable,Index,Two,World Development Indicators (WDI),Annual,Units,Normal value,Public,,,,,,,,,,,,,,,,,,,,,,,,,,,,,,,,,,,,,,,,,,,,,,,,,,,,,,,,,,,,38.5,,,
datastructure,WB.DATA360:DS_DATA360(1.3),I,A,IRQ,WB_WDI_SI_POV_GINI,_T,_T,_T,0_TO_100,_Z,_Z,_Z,_Z,IX,2,WB_WDI,P1Y,0,A,PU,Annual,Iraq,Gini index,Total,All age ranges or no breakdown by age,Total,0-100 scale,Not Applicable,Not Applicable,Not Applicable,Not Applicable,Index,Two,World Development Indicators (WDI),Annual,Units,Normal value,Public,,,,,,,,,,,,,,,,,,,,,,,,,,,,,,,,,,,,,,,,,,,,28.6,,,,,,29.5,,,,,,,,,,,29.8,,
datastructure,WB.DATA360:DS_DATA360(1.3),I,A,PAN,WB_WDI_SI_POV_GINI,_T,_T,_T,0_TO_100,_Z,_Z,_Z,_Z,IX,2,WB_WDI,P1Y,0,A,PU,Annual,Panama,Gini index,Total,All age ranges or no breakdown by age,Total,0-100 scale,Not Applicable,Not Applicable,Not Applicable,Not Applicable,Index,Two,World Development Indicators (WDI),Annual,Units,Normal value,Public,,,,,,,,,,,,,,,,,48.7,,,,,,,,,,58.5,,58.0,,,,57.6,,58.1,57.3,56.3,56.6,56.7,56.1,55.6,54.8,53.8,54.6,52.7,52.7,51.8,51.6,51.3,51.7,51.5,50.5,50.8,50.4,49.9,49.2,49.8,,50.9,,48.9,49.7,
datastructure,WB.DATA360:DS_DATA360(1.3),I,A,TUR,WB_WDI_SI_POV_GINI,_T,_T,_T,0_TO_100,_Z,_Z,_Z,_Z,IX,2,WB_WDI,P1Y,0,A,PU,Annual,Türkiye,Gini index,Total,All age ranges or no breakdown by age,Total,0-100 scale,Not Applicable,Not Applicable,Not Applicable,Not Applicable,Index,Two,World Development Indicators (WDI),Annual,Units,Normal value,Public,,,,,,,,,,,,,,,,,,,,,,,,,41.0,,,,,,,41.3,,,,,,,,41.4,42.2,41.3,42.6,39.6,38.4,39.0,39.0,38.8,40.0,40.2,40.2,41.2,42.9,41.9,43.5,42.4,43.8,43.0,44.4,44.5,43.7,,
datastructure,WB.DATA360:DS_DATA360(1.3),I,A,AUS,WB_WDI_SI_POV_GINI,_T,_T,_T,0_TO_100,_Z,_Z,_Z,_Z,IX,2,WB_WDI,P1Y,0,A,PU,Annual,Australia,Gini index,Total,All age ranges or no breakdown by age,Total,0-100 scale,Not Applicable,Not Applicable,Not Applicable,Not Applicable,Index,Two,World Development Indicators (WDI),Annual,Units,Normal value,Public,,,,,,,,,,,,,,,,,,,31.3,,,,32.5,,,,33.2,,,,,,32.6,,,,,,33.5,,33.5,33.1,,,,35.4,,34.7,,,,34.4,,33.7,,34.3,,33.8,,,,,
datastructure,WB.DATA360:DS_DATA360(1.3),I,A,GUY,WB_WDI_SI_POV_GINI,_T,_T,_T,0_TO_100,_Z,_Z,_Z,_Z,IX,2,WB_WDI,P1Y,0,A,PU,Annual,Guyana,Gini index,Total,All age ranges or no breakdown by age,Total,0-100 scale,Not Applicable,Not Applicable,Not Applicable,Not Applicable,Index,Two,World Development Indicators (WDI),Annual,Units,Normal value,Public,,,,,,,,,,,,,,,,,,,,,,,,,,,,,,39.5,,,,,,45.1,,,,,,,,,,,,,,,,,,,,,,,,,,,
datastructure,WB.DATA360:DS_DATA360(1.3),I,A,SDN,WB_WDI_SI_POV_GINI,_T,_T,_T,0_TO_100,_Z,_Z,_Z,_Z,IX,2,WB_WDI,P1Y,0,A,PU,Annual,Sudan,Gini index,Total,All age ranges or no breakdown by age,Total,0-100 scale,Not Applicable,Not Applicable,Not Applicable,Not Applicable,Index,Two,World Development Indicators (WDI),Annual,Units,Normal value,Public,,,,,,,,,,,,,,,,,,,,,,,,,,,,,,,,,,,,,,,,,,,,,,,35.4,,,,,34.2,,,,,,,,,,,
datastructure,WB.DATA360:DS_DATA360(1.3),I,A,SLV,WB_WDI_SI_POV_GINI,_T,_T,_T,0_TO_100,_Z,_Z,_Z,_Z,IX,2,WB_WDI,P1Y,0,A,PU,Annual,El Salvador,Gini index,Total,All age ranges or no breakdown by age,Total,0-100 scale,Not Applicable,Not Applicable,Not Applicable,Not Applicable,Index,Two,World Development Indicators (WDI),Annual,Units,Normal value,Public,,,,,,,,,,,,,,,,,,,,,,,,,,,48.7,,53.8,,,,49.8,51.0,,54.4,52.1,51.5,51.3,51.9,50.4,47.8,48.5,45.7,45.2,46.9,45.8,43.5,42.3,41.8,43.4,41.6,40.6,40.0,38.0,38.6,38.8,,39.0,38.8,39.8,,
datastructure,WB.DATA360:DS_DATA360(1.3),I,A,URY,WB_WDI_SI_POV_GINI,_T,_T,_T,0_TO_100,_Z,_Z,_Z,_Z,IX,2,WB_WDI,P1Y,0,A,PU,Annual,Uruguay,Gini index,Total,All age ranges or no breakdown by age,Total,0-100 scale,Not Applicable,Not Applicable,Not Applicable,Not Applicable,Index,Two,World Development Indicators (WDI),Annual,Units,Normal value,Public,,,,,,,,,,,,,,,,,,,43.6,,,,,,,,42.4,,,41.5,,,40.9,40.8,41.5,42.5,,43.4,45.0,45.5,45.0,45.9,44.7,45.9,46.4,45.1,45.5,44.5,42.2,39.9,40.5,40.1,40.1,39.7,39.5,39.7,39.7,40.2,40.8,40.6,40.9,40.0,
datastructure,WB.DATA360:DS_DATA360(1.3),I,A,KEN,WB_WDI_SI_POV_GINI,_T,_T,_T,0_TO_100,_Z,_Z,_Z,_Z,IX,2,WB_WDI,P1Y,0,A,PU,Annual,Kenya,Gini index,Total,All age ranges or no breakdown by age,Total,0-100 scale,Not Applicable,Not Applicable,Not Applicable,Not Applicable,Index,Two,World Development Indicators (WDI),Annual,Units,Normal value,Public,,,,,,,,,,,,,,,,,,,,,,,,,,,,,,56.9,,43.1,,,45.0,,,,,,,,46.4,,,,,,,,,,40.8,,,,,36.2,38.7,38.5,,,
datastructure,WB.DATA360:DS_DATA360(1.3),I,A,TKM,WB_WDI_SI_POV_GINI,_T,_T,_T,0_TO_100,_Z,_Z,_Z,_Z,IX,2,WB_WDI,P1Y,0,A,PU,Annual,Turkmenistan,Gini index,Total,All age ranges or no breakdown by age,Total,0-100 scale,Not Applicable,Not Applicable,Not Applicable,Not Applicable,Index,Two,World Development Indicators (WDI),Annual,Units,Normal value,Public,,,,,,,,,,,,,,,,,,,,,,,,,,,,,,,,,,,,40.8,,,,,,,,,,,,,,,,,,,,,,,,,,,
datastructure,WB.DATA360:DS_DATA360(1.3),I,A,CHE,WB_WDI_SI_POV_GINI,_T,_T,_T,0_TO_100,_Z,_Z,_Z,_Z,IX,2,WB_WDI,P1Y,0,A,PU,Annual,Switzerland,Gini index,Total,All age ranges or no breakdown by age,Total,0-100 scale,Not Applicable,Not Applicable,Not Applicable,Not Applicable,Index,Two,World Development Indicators (WDI),Annual,Units,Normal value,Public,,,,,,,,,,,,,,,,,,,,36.0,,,,,,,,,,33.9,,,,,,,,33.4,,31.7,,31.6,,33.9,34.3,33.8,32.9,32.6,31.7,31.6,32.5,32.5,32.3,33.0,32.7,33.1,34.0,33.7,33.8,33.8,,,
datastructure,WB.DATA360:DS_DATA360(1.3),I,A,CHN,WB_WDI_SI_POV_GINI,_T,_T,_T,0_TO_100,_Z,_Z,_Z,_Z,IX,2,WB_WDI,P1Y,0,A,PU,Annual,China,Gini index,Total,All age ranges or no breakdown by age,Total,0-100 scale,Not Applicable,Not Applicable,Not Applicable,Not Applicable,Index,Two,World Development Indicators (WDI),Annual,Units,Normal value,Public,,,,,,,,,,,,,,,,,,,28.2,,,27.1,,,29.4,,,32.2,,,33.9,,,35.2,,,38.7,,,42.0,,,40.9,,,43.0,,43.7,42.4,42.2,39.7,39.2,38.6,38.5,39.1,38.5,38.2,37.1,35.7,36.0,,,
datastructure,WB.DATA360:DS_DATA360(1.3),I,A,XKX,WB_WDI_SI_POV_GINI,_T,_T,_T,0_TO_100,_Z,_Z,_Z,_Z,IX,2,WB_WDI,P1Y,0,A,PU,Annual,Kosovo,Gini index,Total,All age ranges or no breakdown by age,Total,0-100 scale,Not Applicable,Not Applicable,Not Applicable,Not Applicable,Index,Two,World Development Indicators (WDI),Annual,Units,Normal value,Public,,,,,,,,,,,,,,,,,,,,,,,,,,,,,,,,,,,,,,,,,29.0,,31.2,30.3,,,31.8,33.3,27.8,29.0,26.3,27.3,26.5,26.7,44.2,44.6,40.2,57.4,49.4,38.3,,,
datastructure,WB.DATA360:DS_DATA360(1.3),I,A,BTN,WB_WDI_SI_POV_GINI,_T,_T,_T,0_TO_100,_Z,_Z,_Z,_Z,IX,2,WB_WDI,P1Y,0,A,PU,Annual,Bhutan,Gini index,Total,All age ranges or no breakdown by age,Total,0-100 scale,Not Applicable,Not Applicable,Not Applicable,Not Applicable,Index,Two,World Development Indicators (WDI),Annual,Units,Normal value,Public,,,,,,,,,,,,,,,,,,,,,,,,,,,,,,,,,,,,,,,,,40.9,,,,38.1,,,,,38.8,,,,,37.4,,,,,28.5,,,
datastructure,WB.DATA360:DS_DATA360(1.3),I,A,GIN,WB_WDI_SI_POV_GINI,_T,_T,_T,0_TO_100,_Z,_Z,_Z,_Z,IX,2,WB_WDI,P1Y,0,A,PU,Annual,Guinea,Gini index,Total,All age ranges or no breakdown by age,Total,0-100 scale,Not Applicable,Not Applicable,Not Applicable,Not Applicable,Index,Two,World Development Indicators (WDI),Annual,Units,Normal value,Public,,,,,,,,,,,,,,,,,,,,,,,,,,,,,45.6,,,46.1,,,,,,,,43.0,,,,,39.4,,,,,33.7,,,,,,29.6,,,,,,,
datastructure,WB.DATA360:DS_DATA360(1.3),I,A,ARG,WB_WDI_SI_POV_GINI,_T,_T,_T,0_TO_100,_Z,_Z,_Z,_Z,IX,2,WB_WDI,P1Y,0,A,PU,Annual,Argentina,Gini index,Total,All age ranges or no breakdown by age,Total,0-100 scale,Not Applicable,Not Applicable,Not Applicable,Not Applicable,Index,Two,World Development Indicators (WDI),Annual,Units,Normal value,Public,,,,,,,,,,,,,,,,,,40.8,,,,,,42.8,45.3,,,,46.8,45.5,44.8,45.9,48.9,49.5,49.1,50.7,49.8,51.0,53.3,53.8,51.0,48.5,47.8,46.4,46.3,45.0,43.8,43.7,42.7,41.4,41.1,41.8,,42.3,41.4,41.7,43.3,42.7,42.4,40.7,42.4,42.4,
datastructure,WB.DATA360:DS_DATA360(1.3),I,A,JPN,WB_WDI_SI_POV_GINI,_T,_T,_T,0_TO_100,_Z,_Z,_Z,_Z,IX,2,WB_WDI,P1Y,0,A,PU,Annual,Japan,Gini index,Total,All age ranges or no breakdown by age,Total,0-100 scale,Not Applicable,Not Applicable,Not Applicable,Not Applicable,Index,Two,World Development Indicators (WDI),Annual,Units,Normal value,Public,,,,,,,,,,,,,,,,,,,,,,,,,,,,,,,,,,,,,,,,,,,,,,34.6,33.0,31.5,33.0,32.5,31.5,31.3,30.7,31.8,31.8,32.9,33.0,32.3,,,,,
datastructure,WB.DATA360:DS_DATA360(1.3),I,A,GNB,WB_WDI_SI_POV_GINI,_T,_T,_T,0_TO_100,_Z,_Z,_Z,_Z,IX,2,WB_WDI,P1Y,0,A,PU,Annual,Guinea-Bissau,Gini index,Total,All age ranges or no breakdown by age,Total,0-100 scale,Not Applicable,Not Applicable,Not Applicable,Not Applicable,Index,Two,World Development Indicators (WDI),Annual,Units,Normal value,Public,,,,,,,,,,,,,,,,,,,,,,,,,,,,,55.8,,43.6,,,,,,,,,35.6,,,,,,,,50.6,,,,,,,,34.8,,,33.4,,,,
datastructure,WB.DATA360:DS_DATA360(1.3),I,A,RWA,WB_WDI_SI_POV_GINI,_T,_T,_T,0_TO_100,_Z,_Z,_Z,_Z,IX,2,WB_WDI,P1Y,0,A,PU,Annual,Rwanda,Gini index,Total,All age ranges or no breakdown by age,Total,0-100 scale,Not Applicable,Not Applicable,Not Applicable,Not Applicable,Index,Two,World Development Indicators (WDI),Annual,Units,Normal value,Public,,,,,,,,,,,,,,,,,,,,,,,,,,,,,,,,,,,,,,48.5,,,,,52.0,,,,,47.2,,,45.1,,,43.7,,,,,,,39.4,,
datastructure,WB.DATA360:DS_DATA360(1.3),I,A,MDV,WB_WDI_SI_POV_GINI,_T,_T,_T,0_TO_100,_Z,_Z,_Z,_Z,IX,2,WB_WDI,P1Y,0,A,PU,Annual,Maldives,Gini index,Total,All age ranges or no breakdown by age,Total,0-100 scale,Not Applicable,Not Applicable,Not Applicable,Not Applicable,Index,Two,World Development Indicators (WDI),Annual,Units,Normal value,Public,,,,,,,,,,,,,,,,,,,,,,,,,,,,,,,,,,,,,,,,41.3,,,,,,,38.4,,,,,,,31.3,,,29.3,,,,,,
datastructure,WB.DATA360:DS_DATA360(1.3),I,A,GMB,WB_WDI_SI_POV_GINI,_T,_T,_T,0_TO_100,_Z,_Z,_Z,_Z,IX,2,WB_WDI,P1Y,0,A,PU,Annual,"Gambia, The",Gini index,Total,All age ranges or no breakdown by age,Total,0-100 scale,Not Applicable,Not Applicable,Not Applicable,Not Applicable,Index,Two,World Development Indicators (WDI),Annual,Units,Normal value,Public,,,,,,,,,,,,,,,,,,,,,,,,,,,,,,,,,,,,48.3,,,,,47.3,,,,,,,43.6,,,,,35.9,,,,,38.8,,,,,
datastructure,WB.DATA360:DS_DATA360(1.3),I,A,DZA,WB_WDI_SI_POV_GINI,_T,_T,_T,0_TO_100,_Z,_Z,_Z,_Z,IX,2,WB_WDI,P1Y,0,A,PU,Annual,Algeria,Gini index,Total,All age ranges or no breakdown by age,Total,0-100 scale,Not Applicable,Not Applicable,Not Applicable,Not Applicable,Index,Two,World Development Indicators (WDI),Annual,Units,Normal value,Public,,,,,,,,,,,,,,,,,,,,,,,,,,37.4,,,,,,,35.3,,,,,,,,,,,,,,,,27.6,,,,,,,,,,,,,,
datastructure,WB.DATA360:DS_DATA360(1.3),I,A,TCD,WB_WDI_SI_POV_GINI,_T,_T,_T,0_TO_100,_Z,_Z,_Z,_Z,IX,2,WB_WDI,P1Y,0,A,PU,Annual,Chad,Gini index,Total,All age ranges or no breakdown by age,Total,0-100 scale,Not Applicable,Not Applicable,Not Applicable,Not Applicable,Index,Two,World Development Indicators (WDI),Annual,Units,Normal value,Public,,,,,,,,,,,,,,,,,,,,,,,,,,,,,,,,,,,,,,,,,39.8,,,,,,,,43.3,,,,,,,37.5,,,,37.4,,,
datastructure,WB.DATA360:DS_DATA360(1.3),I,A,TJK,WB_WDI_SI_POV_GINI,_T,_T,_T,0_TO_100,_Z,_Z,_Z,_Z,IX,2,WB_WDI,P1Y,0,A,PU,Annual,Tajikistan,Gini index,Total,All age ranges or no breakdown by age,Total,0-100 scale,Not Applicable,Not Applicable,Not Applicable,Not Applicable,Index,Two,World Development Indicators (WDI),Annual,Units,Normal value,Public,,,,,,,,,,,,,,,,,,,,,,,,,,,,,,,,,,,,,29.5,,,,32.7,33.6,,,32.2,,30.8,,,,,,34.0,,,,,,32.4,39.5,38.0,36.1,
datastructure,WB.DATA360:DS_DATA360(1.3),I,A,ZMB,WB_WDI_SI_POV_GINI,_T,_T,_T,0_TO_100,_Z,_Z,_Z,_Z,IX,2,WB_WDI,P1Y,0,A,PU,Annual,Zambia,Gini index,Total,All age ranges or no breakdown by age,Total,0-100 scale,Not Applicable,Not Applicable,Not Applicable,Not Applicable,Index,Two,World Development Indicators (WDI),Annual,Units,Normal value,Public,,,,,,,,,,,,,,,,,,,,,,,,,,,,,59.4,,52.6,,,48.3,,49.1,,,,42.1,,54.3,,54.6,,,,52.0,,,,,55.8,,,,,,,51.5,,,
datastructure,WB.DATA360:DS_DATA360(1.3),I,A,BGD,WB_WDI_SI_POV_GINI,_T,_T,_T,0_TO_100,_Z,_Z,_Z,_Z,IX,2,WB_WDI,P1Y,0,A,PU,Annual,Bangladesh,Gini index,Total,All age ranges or no breakdown by age,Total,0-100 scale,Not Applicable,Not Applicable,Not Applicable,Not Applicable,Index,Two,World Development Indicators (WDI),Annual,Units,Normal value,Public,,,,,,,,,,,,,,,,,,,,,25.9,,26.9,,,28.8,,,27.6,,,,32.9,,,,,33.4,,,,,33.2,,,,,32.1,,,,,,32.4,,,,,,30.9,,,
datastructure,WB.DATA360:DS_DATA360(1.3),I,A,SUR,WB_WDI_SI_POV_GINI,_T,_T,_T,0_TO_100,_Z,_Z,_Z,_Z,IX,2,WB_WDI,P1Y,0,A,PU,Annual,Suriname,Gini index,Total,All age ranges or no breakdown by age,Total,0-100 scale,Not Applicable,Not Applicable,Not Applicable,Not Applicable,Index,Two,World Development Indicators (WDI),Annual,Units,Normal value,Public,,,,,,,,,,,,,,,,,,,,,,,,,,,,,,,,,,,,,57.5,,,,,,,,,,,,,,,,,,,,,,,39.2,,,
datastructure,WB.DATA360:DS_DATA360(1.3),I,A,USA,WB_WDI_SI_POV_GINI,_T,_T,_T,0_TO_100,_Z,_Z,_Z,_Z,IX,2,WB_WDI,P1Y,0,A,PU,Annual,United States,Gini index,Total,All age ranges or no breakdown by age,Total,0-100 scale,Not Applicable,Not Applicable,Not Applicable,Not Applicable,Index,Two,World Development Indicators (WDI),Annual,Units,Normal value,Public,36.7,37.4,36.8,37.1,36.9,36.3,36.0,36.6,36.9,36.7,36.1,35.5,35.7,35.6,35.5,34.8,34.8,34.7,35.5,36.7,37.3,37.3,37.6,37.6,37.2,37.7,38.2,38.3,38.0,38.4,40.4,40.0,39.9,40.3,40.5,40.0,40.0,40.1,40.6,40.4,40.8,40.5,41.3,41.7,41.1,41.1,40.9,40.2,41.2,41.2,40.9,41.7,41.5,41.3,41.4,41.8,41.9,40.0,39.7,41.7,41.8,41.8,
datastructure,WB.DATA360:DS_DATA360(1.3),I,A,RUS,WB_WDI_SI_POV_GINI,_T,_T,_T,0_TO_100,_Z,_Z,_Z,_Z,IX,2,WB_WDI,P1Y,0,A,PU,Annual,Russian Federation,Gini index,Total,All age ranges or no breakdown by age,Total,0-100 scale,Not Applicable,Not Applicable,Not Applicable,Not Applicable,Index,Two,World Development Indicators (WDI),Annual,Units,Normal value,Public,,,,,,,,,,,,,,,,,,,,,,,,,,,,,,,45.4,,,46.1,38.4,38.1,37.4,37.1,36.9,37.3,40.0,40.3,41.3,41.0,42.3,41.6,39.8,39.5,39.7,40.7,40.9,36.9,36.5,36.7,35.5,35.3,35.7,33.7,35.1,33.9,33.0,,
datastructure,WB.DATA360:DS_DATA360(1.3),I,A,BFA,WB_WDI_SI_POV_GINI,_T,_T,_T,0_TO_100,_Z,_Z,_Z,_Z,IX,2,WB_WDI,P1Y,0,A,PU,Annual,Burkina Faso,Gini index,Total,All age ranges or no breakdown by age,Total,0-100 scale,Not Applicable,Not Applicable,Not Applicable,Not Applicable,Index,Two,World Development Indicators (WDI),Annual,Units,Normal value,Public,,,,,,,,,,,,,,,,,,,,,,,,,,,,,,,,48.0,,,,49.9,,,,,43.3,,,,,,39.8,,,,,35.3,,,,43.0,,,37.4,,,,
datastructure,WB.DATA360:DS_DATA360(1.3),I,A,AZE,WB_WDI_SI_POV_GINI,_T,_T,_T,0_TO_100,_Z,_Z,_Z,_Z,IX,2,WB_WDI,P1Y,0,A,PU,Annual,Azerbaijan,Gini index,Total,All age ranges or no breakdown by age,Total,0-100 scale,Not Applicable,Not Applicable,Not Applicable,Not Applicable,Index,Two,World Development Indicators (WDI),Annual,Units,Normal value,Public,,,,,,,,,,,,,,,,,,,,,,,,,,,,,,,,,34.6,,,,,,36.5,25.3,26.8,26.6,26.6,,,,,,,,,,,,,,,,,,,,
datastructure,WB.DATA360:DS_DATA360(1.3),I,A,LKA,WB_WDI_SI_POV_GINI,_T,_T,_T,0_TO_100,_Z,_Z,_Z,_Z,IX,2,WB_WDI,P1Y,0,A,PU,Annual,Sri Lanka,Gini index,Total,All age ranges or no breakdown by age,Total,0-100 scale,Not Applicable,Not Applicable,Not Applicable,Not Applicable,Index,Two,World Development Indicators (WDI),Annual,Units,Normal value,Public,,,,,,,,,,,,,,,,,,,,,,,32.5,,,,,32.4,,,,,35.4,,,,,,,40.2,,,,39.7,,,36.1,,,38.7,,,,39.3,,,37.7,,,,,,
